,Player First Name,Player Last Name,Position,Season,Age,Team,League,Games Played,Goals,Assists,Points,+/-,Penalties in Minutes,Even Strength Goals,Power Play Goals,Short Handed Goals,Game-Winning Goals,Even Strength Assists,Power Play Assists,Short-Handed Assists,Shots On Goals,Shooting Percentage,Total Shoot Assists,Time on Minutes,Average Time on Ice,Faceoff Wins,Faceoff Losses,Faceoff Percentage,Blocks,Hits,Takeaways,Giveaways,Awards,Injury Time,Total Time Out This Year,Injury Description
0,Nicholas,Abruzzese,C,2022-23,23,TOR,NHL,2,0,2,2,1,0,0,0,0,0,1,1,0,2,0.0,,18,8:59,0,0,,0,1,,,,,,
1,Noel,Acciari,C,2022-23,31,TOT,NHL,77,14,9,23,-4,21,14,0,0,2,7,0,2,102,13.7,,1102,14:19,337,289,53.8,81,244,,,,,,
2,Calen,Addison,D,2022-23,22,MIN,NHL,62,3,26,29,-17,22,3,0,0,1,8,18,0,77,3.9,,999,16:07,0,0,,38,19,,,,,,
3,Egor,Afanasyev,LW,2022-23,22,NSH,NHL,17,1,0,1,-7,2,1,0,0,0,0,0,0,21,4.8,,184,10:51,0,0,,13,23,,,,,,
4,Andrew,Agozzino,LW,2022-23,32,SJS,NHL,4,1,2,3,-1,0,0,0,1,0,2,0,0,9,11.1,,65,16:22,1,0,100.0,4,12,,,,,,
5,Sebastian,Aho,F,2022-23,25,CAR,NHL,75,36,31,67,8,42,26,7,3,9,22,8,1,218,16.5,,1462,19:30,531,503,51.4,21,59,,,,,,
6,Nikita,Alexandrov,C,2022-23,22,STL,NHL,28,3,4,7,0,8,3,0,0,0,4,0,0,28,10.7,,275,9:49,53,97,35.3,13,28,,,,,,
7,Frédéric,Allard,D,2022-23,25,MTL,NHL,3,0,0,0,2,0,0,0,0,0,0,0,0,6,0.0,,42,13:51,0,0,,2,0,,,,,,
8,Michael,Amadio,C,2022-23,26,VEG,NHL,67,16,11,27,2,12,15,1,0,2,10,1,0,99,16.2,,818,12:13,31,32,49.2,27,56,,,,,,
9,Nils,Åman,C,2022-23,22,VAN,NHL,68,4,12,16,-12,18,4,0,0,1,10,0,2,50,8.0,,864,12:42,181,293,38.2,41,44,,,,,,
10,Joey,Anderson,RW,2022-23,24,TOT,NHL,38,6,3,9,-8,0,6,0,0,1,3,0,0,41,14.6,,445,11:42,0,2,0.0,17,36,,,,,,
11,Josh,Anderson,RW,2022-23,28,MTL,NHL,69,21,11,32,-8,72,16,4,1,5,11,0,0,164,12.8,,1170,16:58,19,25,43.2,49,139,,,,,,
12,Michael,Anderson,D,2022-23,23,LAK,NHL,77,5,15,20,20,40,4,1,0,1,14,0,1,90,5.6,,1668,21:40,0,0,,129,162,,,,,,
13,Jaret,Anderson-Dolan,C,2022-23,23,LAK,NHL,46,7,5,12,-11,2,7,0,0,2,4,1,0,54,13.0,,488,10:37,23,16,59.0,29,61,,,,,,
14,Lias,Andersson,C,2022-23,24,LAK,NHL,1,0,0,0,-1,0,0,0,0,0,0,0,0,1,0.0,,9,8:37,0,0,,0,2,,,,,,
15,Rasmus,Andersson,D,2022-23,26,CGY,NHL,79,11,38,49,5,26,9,1,1,4,17,20,1,159,6.9,,1903,24:05,0,0,,136,50,,,,,,
16,Andy,Andreoff,LW,2022-23,31,NYI,NHL,3,0,1,1,-3,0,0,0,0,0,1,0,0,1,0.0,,22,7:21,3,4,42.9,1,7,,,,,,
17,Tyler,Angle,C,2022-23,22,CBJ,NHL,2,1,0,1,-2,0,1,0,0,0,0,0,0,5,20.0,,23,11:29,8,10,44.4,0,2,,,,,,
18,Viktor,Arvidsson,LW,2022-23,29,LAK,NHL,77,26,33,59,-4,24,15,10,1,2,18,15,0,228,11.4,,1316,17:06,27,40,40.3,48,25,,,,,,
19,Rasmus,Asplund,F,2022-23,25,TOT,NHL,46,2,6,8,-6,4,1,0,1,0,6,0,0,54,3.7,,504,10:58,22,33,40.0,11,23,,,,,,
20,Zach,Aston-Reese,C,2022-23,28,TOR,NHL,77,10,4,14,-6,25,10,0,0,2,4,0,0,89,11.2,,841,10:56,7,7,50.0,43,163,,,,,,
21,Andreas,Athanasiou,C,2022-23,28,CHI,NHL,81,20,20,40,-29,34,17,3,0,4,16,4,0,175,11.4,,1296,16:00,81,93,46.6,44,43,,,,,,
22,Ronald,Attard,D,2022-23,23,PHI,NHL,2,0,0,0,0,0,0,0,0,0,0,0,0,5,0.0,,33,16:45,0,0,,2,3,,,,,,
23,Nicolas,Aubé-Kubel,RW,2022-23,26,TOT,NHL,53,4,8,12,1,50,4,0,0,0,8,0,0,67,6.0,,602,11:21,6,8,42.9,9,117,,,,,,
24,Mikael,Backlund,C,2022-23,33,CGY,NHL,82,19,37,56,24,36,13,5,1,2,27,7,3,260,7.3,,1489,18:10,705,681,50.9,31,97,,,,,,
25,Nicklas,Bäckström,C,2022-23,35,WSH,NHL,39,7,14,21,-25,14,1,6,0,0,9,5,0,59,11.9,,658,16:53,259,255,50.4,23,24,,,,,,
26,Kevin,Bahl,D,2022-23,22,NJD,NHL,42,2,6,8,4,35,2,0,0,0,6,0,0,27,7.4,,589,14:01,0,0,,38,64,,,,,,
27,Josh,Bailey,C,2022-23,33,NYI,NHL,64,8,17,25,3,2,8,0,0,2,14,3,0,72,11.1,,969,15:08,40,56,41.7,31,11,,,,,,
28,Rūdolfs,Balcers,LW,2022-23,25,TOT,NHL,17,3,2,5,-1,4,3,0,0,0,2,0,0,24,12.5,,173,10:12,0,2,0.0,4,7,,,,,,
29,Alexander,Barabanov,F,2022-23,28,SJS,NHL,68,15,32,47,-30,20,12,3,0,2,22,10,0,120,12.5,,1228,18:03,1,2,33.3,37,40,,,,,,
30,Ivan,Barbashev,C,2022-23,27,TOT,NHL,82,16,29,45,1,42,14,2,0,2,25,3,1,126,12.7,,1374,16:45,55,89,38.2,46,182,,,,,,
31,Cole,Bardreau,F,2022-23,29,NYI,NHL,1,0,0,0,0,2,0,0,0,0,0,0,0,0,,,7,6:37,0,0,,0,2,,,,,,
32,Aleksander,Barkov,C,2022-23,27,FLA,NHL,68,23,55,78,10,8,14,8,1,6,32,22,1,208,11.1,,1443,21:13,731,601,54.9,48,52,,,,,,
33,Alex,Barré-Boulet,F,2022-23,25,TBL,NHL,1,0,0,0,0,0,0,0,0,0,0,0,0,1,0.0,,10,10:01,0,1,0.0,0,0,,,,,,
34,Tyson,Barrie,D,2022-23,31,TOT,NHL,85,13,42,55,-7,36,9,4,0,1,14,27,1,163,8.0,,1681,19:47,0,0,,90,55,,,,,,
35,Justin,Barron,D,2022-23,21,MTL,NHL,39,4,11,15,-2,20,2,1,1,1,10,1,0,40,10.0,,636,16:18,0,0,,38,49,,,,,,
36,Mathew,Barzal,C,2022-23,25,NYI,NHL,58,14,37,51,5,22,10,4,0,5,22,15,0,139,10.1,,1086,18:43,104,188,35.6,34,25,,,,,,
37,Drake,Batherson,C,2022-23,24,OTT,NHL,82,22,40,62,-35,33,8,14,0,2,25,15,0,249,8.8,,1526,18:36,13,25,34.2,35,115,,,,,,
38,Gavin,Bayreuther,D,2022-23,28,CBJ,NHL,51,2,12,14,-18,23,2,0,0,0,11,1,0,61,3.3,,813,15:57,0,0,,71,54,,,,,,
39,Nathan,Beaulieu,D,2022-23,30,ANA,NHL,52,0,4,4,-23,39,0,0,0,0,4,0,0,33,0.0,,792,15:14,0,0,,80,49,,,,,,
40,Anthony,Beauvillier,LW,2022-23,25,TOT,NHL,82,18,22,40,-10,24,15,3,0,5,21,1,0,176,10.2,,1334,16:16,3,10,23.1,30,78,,,,,,
41,Owen,Beck,C,2022-23,18,MTL,NHL,1,0,0,0,-1,0,0,0,0,0,0,0,0,0,,,10,9:48,1,2,33.3,1,0,,,,,,
42,Adam,Beckman,LW,2022-23,21,MIN,NHL,9,0,0,0,-2,0,0,0,0,0,0,0,0,12,0.0,,96,10:41,0,1,0.0,2,3,,,,,,
43,Pierre-Édouard,Bellemare,LW,2022-23,37,TBL,NHL,73,4,9,13,-9,34,4,0,0,0,7,0,2,51,7.8,,824,11:17,322,294,52.3,48,67,,,,,,
44,Kieffer,Bellows,LW,2022-23,24,TOT,NHL,28,3,0,3,-8,6,3,0,0,1,0,0,0,32,9.4,,271,9:41,3,15,16.7,10,48,,,,,,
45,Alex,Belzile,F,2022-23,31,MTL,NHL,31,6,8,14,0,13,6,0,0,0,8,0,0,40,15.0,,376,12:08,96,109,46.8,22,27,,,,,,
46,Emil,Bemström,C,2022-23,23,CBJ,NHL,55,7,15,22,-11,6,4,3,0,0,12,3,0,95,7.4,,666,12:07,7,10,41.2,21,16,,,,,,
47,Matthew,Beniers,C,2022-23,20,SEA,NHL,80,24,33,57,14,2,20,4,0,4,26,6,1,148,16.2,,1367,17:06,409,560,42.2,48,79,,,,,,
48,Jamie,Benn,LW,2022-23,33,DAL,NHL,82,33,45,78,23,34,18,13,2,4,27,17,1,190,17.4,,1294,15:47,520,345,60.1,38,97,,,,,,
49,Jordie,Benn,D,2022-23,35,TOR,NHL,12,1,1,2,-1,12,1,0,0,1,1,0,0,13,7.7,,190,15:48,0,0,,29,31,,,,,,
50,Sam,Bennett,C,2022-23,26,FLA,NHL,63,16,24,40,5,54,12,4,0,3,19,5,0,193,8.3,,1097,17:24,425,479,47.0,35,150,,,,,,
51,Matt,Benning,D,2022-23,28,SJS,NHL,77,1,23,24,-18,26,1,0,0,0,21,1,1,58,1.7,,1523,19:47,0,0,,125,102,,,,,,
52,Simon,Benoit,D,2022-23,24,ANA,NHL,78,3,7,10,-29,60,3,0,0,0,7,0,0,82,3.7,,1509,19:21,0,0,,128,216,,,,,,
53,Tyler,Benson,LW,2022-23,24,EDM,NHL,2,0,0,0,0,0,0,0,0,0,0,0,0,0,,,13,6:17,0,0,,0,2,,,,,,
54,Patrice,Bergeron,C,2022-23,37,BOS,NHL,78,27,31,58,35,22,16,9,2,7,21,10,0,249,10.8,,1357,17:24,1043,663,61.1,54,66,,,,,,
55,Jonatan,Berggren,RW,2022-23,22,DET,NHL,67,15,13,28,-14,16,10,5,0,0,9,4,0,98,15.3,,902,13:28,3,3,50.0,28,20,,,,,,
56,Tim,Berni,D,2022-23,22,CBJ,NHL,59,1,2,3,-26,34,1,0,0,0,2,0,0,58,1.7,,1001,16:58,0,0,,74,122,,,,,,
57,William,Bitten,C,2022-23,24,STL,NHL,4,0,1,1,1,0,0,0,0,0,1,0,0,0,,,27,6:39,0,0,,0,10,,,,,,
58,Anders,Bjork,LW,2022-23,26,TOT,NHL,14,2,6,8,4,2,2,0,0,0,6,0,0,15,13.3,,194,13:50,0,2,0.0,4,8,,,,,,
59,Marcus,Björk,D,2022-23,25,CBJ,NHL,33,3,8,11,-9,42,2,1,0,0,3,5,0,34,8.8,,599,18:09,0,0,,47,45,,,,,,
60,Oliver,Bjorkstrand,RW,2022-23,27,SEA,NHL,81,20,25,45,-1,16,15,5,0,1,20,5,0,198,10.1,,1266,15:37,18,41,30.5,38,63,,,,,,
61,Tobias,Björnfot,D,2022-23,21,LAK,NHL,10,0,1,1,1,6,0,0,0,0,1,0,0,10,0.0,,143,14:17,0,0,,11,12,,,,,,
62,Nick,Bjugstad,C,2022-23,30,TOT,NHL,78,17,12,29,13,34,15,1,1,1,12,0,0,145,11.7,,1264,16:12,530,578,47.8,44,168,,,,,,
63,Colin,Blackwell,C,2022-23,29,CHI,NHL,53,2,8,10,-16,6,2,0,0,0,7,0,1,53,3.8,,625,11:48,18,18,50.0,17,49,,,,,,
64,Sammy,Blais,LW,2022-23,26,TOT,NHL,71,9,16,25,4,30,9,0,0,1,15,1,0,70,12.9,,838,11:48,2,5,28.6,35,238,,,,,,
65,Anton,Blidh,LW,2022-23,27,COL,NHL,14,0,0,0,-2,4,0,0,0,0,0,0,0,9,0.0,,92,6:35,1,3,25.0,2,18,,,,,,
66,Matěj,Blümel,RW,2022-23,22,DAL,NHL,6,1,0,1,-2,0,1,0,0,0,0,0,0,7,14.3,,58,9:42,0,0,,2,7,,,,,,
67,Brock,Boeser,RW,2022-23,25,VAN,NHL,74,18,37,55,-20,24,12,6,0,3,27,10,0,178,10.1,,1276,17:14,22,35,38.6,32,49,,,,,,
68,Zach,Bogosian,D,2022-23,32,TBL,NHL,46,1,4,5,-4,42,1,0,0,0,4,0,0,54,1.9,,689,14:59,1,0,100.0,50,114,,,,,,
69,Samuel,Bolduc,D,2022-23,22,NYI,NHL,17,2,1,3,5,2,2,0,0,1,1,0,0,20,10.0,,245,14:24,0,0,,16,26,,,,,,
70,Matt,Boldy,LW,2022-23,21,MIN,NHL,81,31,32,63,1,39,23,8,0,5,14,18,0,255,12.2,,1498,18:30,77,64,54.6,26,65,,,,,,
71,Jesper,Boqvist,C,2022-23,24,NJD,NHL,70,10,11,21,8,2,10,0,0,2,11,0,0,67,14.9,,812,11:36,66,133,33.2,20,50,,,,,,
72,Thomas,Bordeleau,C,2022-23,21,SJS,NHL,8,0,2,2,-3,0,0,0,0,0,2,0,0,9,0.0,,122,15:14,2,6,25.0,3,4,,,,,,
73,William,Borgen,D,2022-23,26,SEA,NHL,82,3,17,20,11,47,3,0,0,1,17,0,0,76,3.9,,1342,16:22,0,0,,89,203,,,,,,
74,Henrik,Borgström,C,2022-23,25,WSH,NHL,1,0,0,0,0,0,0,0,0,0,0,0,0,0,,,8,8:10,0,0,,0,0,,,,,,
75,Evan,Bouchard,D,2022-23,23,EDM,NHL,82,8,32,40,6,28,6,2,0,2,20,11,1,156,5.1,,1518,18:31,0,0,,77,95,,,,,,
76,Shane,Bowers,C,2022-23,23,COL,NHL,1,0,0,0,0,0,0,0,0,0,0,0,0,1,0.0,,2,1:46,0,2,0.0,0,0,,,,,,
77,Travis,Boyd,C,2022-23,29,ARI,NHL,82,15,19,34,-32,26,13,2,0,3,11,8,0,94,16.0,,1355,16:32,502,654,43.4,59,39,,,,,,
78,Erik,Brännström,D,2022-23,23,OTT,NHL,74,2,16,18,5,38,2,0,0,0,15,1,0,74,2.7,,1192,16:07,0,0,,103,49,,,,,,
79,Derick,Brassard,C,2022-23,35,OTT,NHL,62,13,10,23,3,30,8,5,0,4,5,5,0,92,14.1,,755,12:11,143,143,50.0,10,90,,,,,,
80,Jesper,Bratt,W,2022-23,24,NJD,NHL,82,32,41,73,14,6,24,8,0,3,27,14,0,212,15.1,,1424,17:22,0,0,,23,24,,,,,,
81,Justin,Braun,D,2022-23,35,PHI,NHL,51,0,2,2,-1,19,0,0,0,0,2,0,0,42,0.0,,764,14:59,0,0,,49,47,,,,,,
82,Guillaume,Brisebois,D,2022-23,25,VAN,NHL,17,1,2,3,-2,6,1,0,0,0,2,0,0,15,6.7,,281,16:32,0,0,,27,11,,,,,,
83,Philip,Broberg,D,2022-23,21,EDM,NHL,46,1,7,8,6,2,1,0,0,0,7,0,0,32,3.1,,580,12:36,0,0,,35,28,,,,,,
84,T.J.,Brodie,D,2022-23,32,TOR,NHL,58,2,12,14,10,14,2,0,0,0,11,0,1,58,3.4,,1231,21:13,0,0,,111,47,,,,,,
85,Jonny,Brodzinski,C,2022-23,29,NYR,NHL,17,1,1,2,3,8,1,0,0,0,1,0,0,27,3.7,,158,9:19,51,45,53.1,4,9,,,,,,
86,Connor,Brown,RW,2022-23,29,WSH,NHL,4,0,0,0,-3,0,0,0,0,0,0,0,0,2,0.0,,67,16:46,2,3,40.0,1,6,,,,,,
87,Patrick,Brown,C,2022-23,30,TOT,NHL,61,4,8,12,-2,44,3,0,1,0,8,0,0,60,6.7,,694,11:23,178,161,52.5,42,167,,,,,,
88,Michael,Bunting,LW,2022-23,27,TOR,NHL,82,23,26,49,21,103,16,7,0,4,23,3,0,174,13.2,,1295,15:48,1,1,50.0,18,85,,,,,,
89,André,Burakovsky,LW,2022-23,27,SEA,NHL,49,13,26,39,-9,14,9,4,0,3,16,10,0,105,12.4,,811,16:33,0,6,0.0,15,17,,,,,,
90,Callahan,Burke,C,2022-23,25,COL,NHL,2,0,0,0,-1,0,0,0,0,0,0,0,0,2,0.0,,18,8:49,2,4,33.3,2,1,,,,,,
91,Brent,Burns,D,2022-23,37,CAR,NHL,82,18,43,61,19,44,14,4,0,2,24,19,0,255,7.1,,1904,23:13,1,0,100.0,86,40,,,,,,
92,Kyle,Burroughs,D,2022-23,27,VAN,NHL,48,2,3,5,-4,62,2,0,0,0,3,0,0,47,4.3,,833,17:22,0,1,0.0,84,165,,,,,,
93,Quinton,Byfield,C,2022-23,20,LAK,NHL,53,3,19,22,13,30,2,1,0,0,19,0,0,74,4.1,,745,14:04,51,57,47.2,16,53,,,,,,
94,Drake,Caggiula,LW,2022-23,28,PIT,NHL,4,0,0,0,-1,0,0,0,0,0,0,0,0,2,0.0,,26,6:36,0,1,0.0,1,6,,,,,,
95,Kyle,Capobianco,D,2022-23,25,WPG,NHL,14,2,0,2,1,6,2,0,0,1,0,0,0,14,14.3,,173,12:20,0,0,,6,12,,,,,,
96,Michael,Carcone,F,2022-23,26,ARI,NHL,9,2,1,3,3,2,2,0,0,0,1,0,0,15,13.3,,114,12:39,0,0,,1,16,,,,,,
97,Gabriel,Carlsson,D,2022-23,26,WSH,NHL,6,0,2,2,-1,0,0,0,0,0,2,0,0,3,0.0,,83,13:46,0,0,,1,4,,,,,,
98,Lucas,Carlsson,D,2022-23,25,FLA,NHL,2,0,0,0,-1,2,0,0,0,0,0,0,0,2,0.0,,20,10:06,0,0,,1,3,,,,,,
99,Ryan,Carpenter,C,2022-23,32,NYR,NHL,22,1,2,3,-5,10,1,0,0,0,2,0,0,17,5.9,,202,9:11,67,57,54.0,11,35,,,,,,
100,Connor,Carrick,D,2022-23,28,BOS,NHL,1,0,1,1,3,0,0,0,0,0,1,0,0,2,0.0,,17,16:54,0,0,,0,4,,,,,,
101,Alexandre,Carrier,D,2022-23,26,NSH,NHL,43,2,7,9,0,27,2,0,0,1,7,0,0,48,4.2,,769,17:53,0,0,,67,57,,,,,,
102,Jeff,Carter,C,2022-23,38,PIT,NHL,79,13,16,29,-16,30,9,4,0,2,10,5,1,139,9.4,,1083,13:42,557,381,59.4,54,80,,,,,,
103,Jackson,Cates,C,2022-23,25,PHI,NHL,5,0,0,0,0,0,0,0,0,0,0,0,0,4,0.0,,45,8:59,9,10,47.4,1,3,,,,,,
104,Noah,Cates,LW,2022-23,23,PHI,NHL,82,13,25,38,3,12,9,3,1,5,19,5,1,107,12.1,,1457,17:46,416,638,39.5,65,86,,,,,,
105,Cody,Ceci,D,2022-23,29,EDM,NHL,80,1,14,15,11,24,1,0,0,0,14,0,0,88,1.1,,1611,20:08,0,0,,110,139,,,,,,
106,Erik,Černák,D,2022-23,25,TBL,NHL,70,2,14,16,8,53,1,0,1,0,13,0,1,87,2.3,,1347,19:14,0,0,,100,209,,,,,,
107,Rourke,Chartier,C,2022-23,26,OTT,NHL,6,0,0,0,0,0,0,0,0,0,0,0,0,8,0.0,,62,10:20,19,14,57.6,3,10,,,,,,
108,Jalen,Chatfield,D,2022-23,26,CAR,NHL,78,6,8,14,23,35,5,0,1,2,7,0,1,93,6.5,,1102,14:07,0,0,,63,78,,,,,,
109,Ben,Chiarot,D,2022-23,31,DET,NHL,76,5,14,19,-31,51,5,0,0,0,14,0,0,110,4.5,,1566,20:37,0,0,,163,147,,,,,,
110,Alex,Chiasson,RW,2022-23,32,DET,NHL,20,6,3,9,-8,6,1,5,0,0,1,2,0,25,24.0,,241,12:04,0,7,0.0,7,14,,,,,,
111,Dennis,Cholowski,D,2022-23,24,NYI,NHL,2,0,0,0,-1,0,0,0,0,0,0,0,0,0,,,26,12:47,0,0,,1,0,,,,,,
112,Jake,Christiansen,D,2022-23,23,CBJ,NHL,24,0,4,4,-7,4,0,0,0,0,3,1,0,25,0.0,,365,15:13,0,0,,23,20,,,,,,
113,Jakob,Chychrun,D,2022-23,24,TOT,NHL,48,9,24,33,7,30,5,4,0,0,20,4,0,144,6.3,,1090,22:42,0,0,,83,55,,,,,,
114,Filip,Chytil,C,2022-23,23,NYR,NHL,74,22,23,45,15,30,19,3,0,4,21,2,0,177,12.4,,1087,14:41,251,380,39.8,38,36,,,,,,
115,Nick,Cicek,D,2022-23,22,SJS,NHL,16,0,4,4,-7,15,0,0,0,0,4,0,0,3,0.0,,231,14:25,0,0,,21,28,,,,,,
116,Casey,Cizikas,C,2022-23,31,NYI,NHL,81,6,15,21,0,54,6,0,0,0,13,0,2,111,5.4,,1177,14:32,501,438,53.4,58,188,,,,,,
117,Kale,Clague,D,2022-23,24,BUF,NHL,33,0,4,4,-3,24,0,0,0,0,4,0,0,24,0.0,,498,15:06,0,0,,24,24,,,,,,
118,Brandt,Clarke,D,2022-23,19,LAK,NHL,9,0,2,2,-1,6,0,0,0,0,1,1,0,11,0.0,,123,13:39,0,0,,14,3,,,,,,
119,Kyle,Clifford,LW,2022-23,32,TOR,NHL,2,0,1,1,1,2,0,0,0,0,1,0,0,2,0.0,,16,7:55,0,0,,0,6,,,,,,
120,Connor,Clifton,D,2022-23,27,BOS,NHL,78,5,18,23,20,60,4,0,1,0,18,0,0,93,5.4,,1393,17:51,0,0,,120,208,,,,,,
121,Dylan,Coghlan,D,2022-23,24,CAR,NHL,17,0,3,3,-1,2,0,0,0,0,3,0,0,29,0.0,,216,12:43,0,0,,9,11,,,,,,
122,Andrew,Cogliano,LW,2022-23,35,COL,NHL,79,10,9,19,6,44,10,0,0,0,7,0,2,85,11.8,,997,12:37,33,37,47.1,54,55,,,,,,
123,Ian,Cole,D,2022-23,33,TBL,NHL,78,3,14,17,13,61,3,0,0,0,14,0,0,109,2.8,,1512,19:23,0,0,,123,117,,,,,,
124,Blake,Coleman,C,2022-23,31,CGY,NHL,82,18,20,38,9,54,16,0,2,2,20,0,0,188,9.6,,1247,15:12,20,22,47.6,39,107,,,,,,
125,Ross,Colton,C,2022-23,26,TBL,NHL,81,16,16,32,-8,50,12,4,0,3,11,5,0,153,10.5,,1000,12:21,106,83,56.1,28,188,,,,,,
126,J.T.,Compher,LW,2022-23,27,COL,NHL,82,17,35,52,8,33,12,5,0,3,26,9,0,154,11.0,,1684,20:32,813,852,48.8,82,37,,,,,,
127,Lucas,Condotta,F,2022-23,25,MTL,NHL,1,1,0,1,0,0,1,0,0,0,0,0,0,5,20.0,,11,11:02,4,3,57.1,0,3,,,,,,
128,Kyle,Connor,LW,2022-23,26,WPG,NHL,82,31,49,80,-11,20,23,8,0,8,28,21,0,273,11.4,,1683,20:32,2,5,28.6,24,43,,,,,,
129,Andrew,Copp,C,2022-23,28,DET,NHL,82,9,33,42,2,25,7,1,1,2,29,4,0,120,7.5,,1489,18:09,647,652,49.8,45,32,,,,,,
130,Matthew,Coronato,RW,2022-23,20,CGY,NHL,1,0,0,0,1,2,0,0,0,0,0,0,0,4,0.0,,15,14:38,0,0,,0,1,,,,,,
131,Nick,Cousins,C,2022-23,29,FLA,NHL,79,9,18,27,-1,38,9,0,0,2,18,0,0,102,8.8,,871,11:02,71,73,49.3,36,87,,,,,,
132,Logan,Couture,C,2022-23,33,SJS,NHL,82,27,40,67,-30,19,21,5,1,4,25,15,0,198,13.6,,1569,19:08,640,709,47.4,70,128,,,,,,
133,Charlie,Coyle,C,2022-23,30,BOS,NHL,82,16,29,45,29,30,15,0,1,0,25,0,4,139,11.5,,1393,16:59,536,483,52.6,63,68,,,,,,
134,Dylan,Cozens,C,2022-23,21,BUF,NHL,81,31,37,68,-3,41,24,5,2,1,23,13,1,211,14.7,,1336,16:30,567,607,48.3,30,55,,,,,,
135,Joseph,Cramarossa,C,2022-23,30,MIN,NHL,4,1,0,1,0,4,1,0,0,0,0,0,0,1,100.0,,31,7:48,0,1,0.0,1,8,,,,,,
136,Kyle,Criscuolo,C,2022-23,30,SJS,NHL,1,1,0,1,0,0,1,0,0,1,0,0,0,2,50.0,,13,13:14,1,0,100.0,1,2,,,,,,
137,Sidney,Crosby,C,2022-23,35,PIT,NHL,82,33,60,93,8,52,24,9,0,9,42,18,0,255,12.9,,1652,20:09,978,868,53.0,47,71,,,,,,
138,Lawson,Crouse,LW,2022-23,25,ARI,NHL,77,24,21,45,-3,35,18,6,0,3,19,2,0,151,15.9,,1367,17:45,33,49,40.2,58,194,,,,,,
139,William,Cuylle,LW,2022-23,20,NYR,NHL,4,0,0,0,-2,10,0,0,0,0,0,0,0,1,0.0,,28,6:58,0,2,0.0,0,8,,,,,,
140,Austin,Czarnik,C,2022-23,30,DET,NHL,29,3,2,5,-4,8,3,0,0,0,1,1,0,27,11.1,,324,11:10,69,91,43.1,13,16,,,,,,
141,Kirby,Dach,C,2022-23,22,MTL,NHL,58,14,24,38,-2,43,8,6,0,2,12,10,2,107,13.1,,1073,18:30,87,140,38.3,38,53,,,,,,
142,Evgenii,Dadonov,RW,2022-23,33,TOT,NHL,73,7,26,33,-8,18,7,0,0,0,18,8,0,110,6.4,,1075,14:43,2,6,25.0,43,33,,,,,,
143,Rasmus,Dahlin,D,2022-23,22,BUF,NHL,78,15,58,73,12,92,9,6,0,2,32,26,0,204,7.4,,2012,25:48,0,0,,132,105,,,,,,
144,Zac,Dalpe,RW,2022-23,33,FLA,NHL,14,2,2,4,-4,2,2,0,0,0,2,0,0,17,11.8,,118,8:24,25,17,59.5,6,15,,,,,,
145,Phillip,Danault,C,2022-23,29,LAK,NHL,82,18,36,54,-8,63,15,3,0,1,17,17,2,152,11.8,,1503,18:20,692,581,54.4,75,81,,,,,,
146,Laurent,Dauphin,C,2022-23,27,ARI,NHL,21,1,0,1,-4,10,1,0,0,0,0,0,0,25,4.0,,220,10:28,84,73,53.5,10,17,,,,,,
147,Jeremy,Davies,D,2022-23,26,BUF,NHL,1,0,0,0,0,2,0,0,0,0,0,0,0,1,0.0,,9,8:33,0,0,,1,0,,,,,,
148,Calvin,de,D,2022-23,31,CAR,NHL,53,2,10,12,7,20,2,0,0,0,10,0,0,51,3.9,,717,13:32,0,0,,49,84,,,,,,
149,Jean-Sébastien,Dea,C,2022-23,28,ARI,NHL,4,0,0,0,-2,0,0,0,0,0,0,0,0,1,0.0,,38,9:27,1,2,33.3,1,3,,,,,,
150,Tony,DeAngelo,D,2022-23,27,PHI,NHL,70,11,31,42,-27,73,7,4,0,1,16,15,0,174,6.3,,1544,22:04,0,0,,79,52,,,,,,
151,Alex,DeBrincat,RW,2022-23,25,OTT,NHL,82,27,39,66,-31,45,16,11,0,6,20,19,0,263,10.3,,1559,19:00,10,9,52.6,38,109,,,,,,
152,Ty,Dellandrea,C,2022-23,22,DAL,NHL,82,9,19,28,9,54,9,0,0,2,16,0,3,92,9.8,,1164,14:12,102,99,50.7,39,125,,,,,,
153,Jason,Demers,D,2022-23,34,EDM,NHL,1,0,0,0,-1,0,0,0,0,0,0,0,0,1,0.0,,11,10:44,0,0,,3,3,,,,,,
154,Grigori,Denisenko,LW,2022-23,22,FLA,NHL,18,0,3,3,-5,4,0,0,0,0,3,0,0,16,0.0,,178,9:53,0,0,,8,20,,,,,,
155,Semyon,Der-Arguchintsev,C,2022-23,22,TOR,NHL,1,0,0,0,1,0,0,0,0,0,0,0,0,0,,,7,7:16,0,0,,0,0,,,,,,
156,Vincent,Desharnais,D,2022-23,26,EDM,NHL,36,0,5,5,15,31,0,0,0,0,4,0,1,17,0.0,,488,13:33,0,0,,48,45,,,,,,
157,Nick,DeSimone,D,2022-23,28,CGY,NHL,4,0,0,0,-4,2,0,0,0,0,0,0,0,4,0.0,,45,11:15,0,0,,4,2,,,,,,
158,Nicolas,Deslauriers,LW,2022-23,31,PHI,NHL,80,6,6,12,-11,136,5,0,1,0,6,0,0,70,8.6,,808,10:06,3,8,27.3,26,306,,,,,,
159,Elliot,Desnoyers,F,2022-23,,PHI,NHL,4,0,0,0,-2,0,0,0,0,0,0,0,0,3,0.0,,53,13:22,8,14,36.4,4,9,,,,,,
160,Connor,Dewar,C,2022-23,23,MIN,NHL,81,6,12,18,-5,50,3,0,3,0,11,0,1,87,6.9,,888,10:58,222,281,44.1,50,124,,,,,,
161,Phillip,Di,LW,2022-23,29,VAN,NHL,30,6,6,12,-1,14,6,0,0,0,4,1,1,71,8.5,,437,14:34,1,3,25.0,10,52,,,,,,
162,Jason,Dickinson,C,2022-23,27,CHI,NHL,78,9,21,30,-29,28,8,1,0,1,17,0,4,114,7.9,,1243,15:56,368,403,47.7,80,112,,,,,,
163,Brenden,Dillon,D,2022-23,32,WPG,NHL,82,2,21,23,2,76,2,0,0,0,20,0,1,83,2.4,,1606,19:35,0,0,,108,198,,,,,,
164,Noah,Dobson,D,2022-23,23,NYI,NHL,78,13,36,49,4,20,8,5,0,2,22,14,0,206,6.3,,1590,20:23,0,0,,104,60,,,,,,
165,Max,Domi,LW,2022-23,27,TOT,NHL,80,20,36,56,-15,82,12,8,0,4,25,11,0,179,11.2,,1422,17:46,510,440,53.7,24,22,,,,,,
166,Ryan,Donato,C,2022-23,26,SEA,NHL,71,14,13,27,16,46,14,0,0,0,11,2,0,122,11.5,,799,11:15,62,85,42.2,12,69,,,,,,
167,Pavel,Dorofeyev,LW,2022-23,22,VEG,NHL,18,7,2,9,5,6,5,2,0,3,1,1,0,40,17.5,,256,14:14,0,1,0.0,9,3,,,,,,
168,Drew,Doughty,D,2022-23,33,LAK,NHL,81,9,43,52,12,34,5,4,0,2,20,23,0,145,6.2,,2125,26:14,0,0,,104,115,,,,,,
169,Leon,Draisaitl,C,2022-23,27,EDM,NHL,80,52,76,128,7,24,19,32,1,11,45,30,1,247,21.1,,1739,21:44,807,663,54.9,40,66,,,,,,
170,Sheldon,Dries,C,2022-23,28,VAN,NHL,63,11,6,17,-9,29,6,4,1,0,5,1,0,94,11.7,,726,11:32,235,236,49.9,40,84,,,,,,
171,Jack,Drury,C,2022-23,22,CAR,NHL,38,2,6,8,3,14,2,0,0,1,5,1,0,69,2.9,,410,10:47,67,59,53.2,16,12,,,,,,
172,Dillon,Dubé,C,2022-23,24,CGY,NHL,82,18,27,45,-6,47,15,1,2,3,24,3,0,151,11.9,,1243,15:10,45,55,45.0,21,136,,,,,,
173,Pierre-Luc,Dubois,LW,2022-23,24,WPG,NHL,73,27,36,63,5,77,16,11,0,1,24,12,0,205,13.2,,1347,18:27,483,505,48.9,47,71,,,,,,
174,Matt,Duchene,C,2022-23,32,NSH,NHL,71,22,34,56,4,32,17,5,0,3,26,8,0,168,13.1,,1301,18:19,137,122,52.9,32,27,,,,,,
175,Walker,Duehr,F,2022-23,25,CGY,NHL,27,7,4,11,0,4,7,0,0,2,4,0,0,47,14.9,,275,10:12,1,6,14.3,4,55,,,,,,
176,William,Dufour,RW,2022-23,21,NYI,NHL,1,0,0,0,-2,0,0,0,0,0,0,0,0,0,,,7,6:48,0,1,0.0,0,1,,,,,,
177,Mathew,Dumba,D,2022-23,28,MIN,NHL,79,4,10,14,-8,81,4,0,0,2,10,0,0,99,4.0,,1681,21:17,0,0,,116,104,,,,,,
178,Brian,Dumoulin,D,2022-23,31,PIT,NHL,82,1,24,25,-4,16,1,0,0,0,22,0,2,82,1.2,,1693,20:38,0,0,,142,123,,,,,,
179,Vince,Dunn,D,2022-23,26,SEA,NHL,81,14,50,64,28,55,14,0,0,2,35,15,0,149,9.4,,1917,23:40,0,0,,80,115,,,,,,
180,Joshua,Dunne,C,2022-23,24,CBJ,NHL,8,0,0,0,-6,6,0,0,0,0,0,0,0,4,0.0,,80,9:58,26,25,51.0,4,19,,,,,,
181,Arnaud,Durandeau,LW,2022-23,24,NYI,NHL,4,0,0,0,1,2,0,0,0,0,0,0,0,9,0.0,,52,13:00,0,1,0.0,2,3,,,,,,
182,Sean,Durzi,D,2022-23,24,LAK,NHL,72,9,29,38,-12,50,8,1,0,1,14,15,0,110,8.2,,1425,19:47,0,0,,142,68,,,,,,
183,Christian,Dvorak,C,2022-23,26,MTL,NHL,64,10,18,28,-12,6,9,0,1,1,15,3,0,88,11.4,,1079,16:52,477,440,52.0,66,13,,,,,,
184,Jordan,Eberle,RW,2022-23,32,SEA,NHL,82,20,43,63,6,34,17,3,0,4,31,12,0,177,11.3,,1368,16:41,34,43,44.2,25,44,,,,,,
185,Alexander,Edler,D,2022-23,36,LAK,NHL,64,2,9,11,-1,34,2,0,0,1,9,0,0,56,3.6,,946,14:46,0,0,,104,106,,,,,,
186,Simon,Edvinsson,D,2022-23,19,DET,NHL,9,2,0,2,-7,12,2,0,0,0,0,0,0,5,40.0,,154,17:04,0,0,,8,11,,,,,,
187,Aaron,Ekblad,D,2022-23,26,FLA,NHL,71,14,24,38,-14,68,5,8,1,2,13,11,0,216,6.5,,1661,23:24,0,0,,80,77,,,,,,
188,Mattias,Ekholm,D,2022-23,32,TOT,NHL,78,9,23,32,28,28,9,0,0,0,18,4,1,135,6.7,,1675,21:28,0,0,,104,91,,,,,,
189,William,Eklund,LW,2022-23,20,SJS,NHL,8,2,1,3,-5,6,2,0,0,0,0,1,0,18,11.1,,159,19:50,2,4,33.3,6,7,,,,,,
190,Lars,Eller,C,2022-23,33,TOT,NHL,84,10,13,23,3,46,9,0,1,1,13,0,0,140,7.1,,1243,14:48,549,474,53.7,42,93,,,,,,
191,Andreas,Englund,D,2022-23,27,TOT,NHL,47,0,4,4,-1,35,0,0,0,0,4,0,0,31,0.0,,569,12:07,0,0,,33,133,,,,,,
192,Pierre,Engvall,LW,2022-23,26,TOT,NHL,76,17,13,30,8,31,16,1,0,4,11,2,0,131,13.0,,1036,13:38,33,31,51.6,6,47,,,,,,
193,Mackenzie,Entwistle,RW,2022-23,23,CHI,NHL,66,4,6,10,-11,14,4,0,0,0,5,1,0,50,8.0,,787,11:55,93,107,46.5,28,126,,,,,,
194,Joel,Eriksson,C,2022-23,26,MIN,NHL,78,23,38,61,4,44,9,12,2,1,26,11,1,247,9.3,,1482,19:00,684,702,49.4,55,119,,,,,,
195,Adam,Erne,LW,2022-23,27,DET,NHL,61,8,10,18,-12,21,8,0,0,2,9,0,1,55,14.5,,816,13:23,12,14,46.2,55,160,,,,,,
196,Luke,Evangelista,RW,2022-23,20,NSH,NHL,24,7,8,15,7,6,7,0,0,1,6,2,0,54,13.0,,398,16:34,0,0,,6,9,,,,,,
197,Jake,Evans,C,2022-23,26,MTL,NHL,54,2,17,19,-5,28,1,1,0,0,15,0,2,55,3.6,,782,14:29,338,312,52.0,41,27,,,,,,
198,Michael,Eyssimont,C,2022-23,26,TOT,NHL,54,5,10,15,3,63,5,0,0,0,10,0,0,124,4.0,,662,12:15,12,22,35.3,19,107,,,,,,
199,Dante,Fabbro,D,2022-23,24,NSH,NHL,79,2,9,11,-4,50,2,0,0,0,8,1,0,101,2.0,,1378,17:27,0,0,,129,113,,,,,,
200,Brock,Faber,D,2022-23,20,MIN,NHL,2,0,0,0,2,0,0,0,0,0,0,0,0,1,0.0,,40,20:04,0,0,,9,0,,,,,,
201,Samuel,Fagemo,LW,2022-23,22,LAK,NHL,9,2,1,3,-4,0,2,0,0,0,1,0,0,5,40.0,,71,7:51,0,1,0.0,6,5,,,,,,
202,Radek,Faksa,C,2022-23,29,DAL,NHL,81,11,9,20,9,39,10,0,1,3,8,0,1,88,12.5,,1111,13:43,309,243,56.0,69,89,,,,,,
203,Joel,Farabee,LW,2022-23,22,PHI,NHL,82,15,24,39,-1,41,15,0,0,1,22,2,0,145,10.3,,1395,17:01,16,29,35.6,45,71,,,,,,
204,Sean,Farrell,C,2022-23,21,MTL,NHL,6,1,0,1,-2,0,1,0,0,0,0,0,0,8,12.5,,83,13:52,0,0,,2,0,,,,,,
205,Jesper,Fast,RW,2022-23,31,CAR,NHL,80,10,19,29,9,16,10,0,0,1,16,0,3,76,13.2,,1179,14:44,10,15,40.0,40,104,,,,,,
206,Justin,Faulk,D,2022-23,30,STL,NHL,82,11,39,50,-4,34,9,2,0,3,31,8,0,196,5.6,,1917,23:23,0,0,,140,112,,,,,,
207,Taylor,Fedun,D,2022-23,34,PIT,NHL,4,0,0,0,0,0,0,0,0,0,0,0,0,5,0.0,,44,11:04,0,0,,4,3,,,,,,
208,Martin,Fehérváry,D,2022-23,23,WSH,NHL,67,6,10,16,-11,31,6,0,0,1,10,0,0,91,6.6,,1340,20:00,0,0,,128,217,,,,,,
209,Kevin,Fiala,LW,2022-23,26,LAK,NHL,69,23,49,72,2,52,16,7,0,2,32,17,0,208,11.1,,1214,17:36,8,8,50.0,18,53,,,,,,
210,Christian,Fischer,RW,2022-23,25,ARI,NHL,80,13,14,27,-7,20,12,0,1,0,13,1,0,122,10.7,,1188,14:51,9,40,18.4,37,126,,,,,,
211,Casey,Fitzgerald,D,2022-23,25,TOT,NHL,27,0,3,3,-2,4,0,0,0,0,3,0,0,13,0.0,,322,11:55,0,0,,12,35,,,,,,
212,Trey,Fix-Wolansky,RW,2022-23,23,CBJ,NHL,9,1,0,1,-5,0,1,0,0,0,0,0,0,19,5.3,,116,12:57,0,0,,8,11,,,,,,
213,Cale,Fleury,D,2022-23,24,SEA,NHL,12,0,1,1,0,2,0,0,0,0,1,0,0,10,0.0,,160,13:19,0,0,,13,28,,,,,,
214,Haydn,Fleury,D,2022-23,26,TBL,NHL,29,0,1,1,-10,14,0,0,0,0,1,0,0,33,0.0,,371,12:48,0,0,,30,30,,,,,,
215,Warren,Foegele,LW,2022-23,26,EDM,NHL,67,13,15,28,7,28,12,0,1,4,15,0,0,126,10.3,,851,12:42,7,6,53.8,22,96,,,,,,
216,Tyson,Foerster,RW,2022-23,21,PHI,NHL,8,3,4,7,2,8,3,0,0,0,3,1,0,15,20.0,,133,16:34,0,0,,10,12,,,,,,
217,Steven,Fogarty,C,2022-23,29,MIN,NHL,2,0,0,0,0,0,0,0,0,0,0,0,0,0,,,21,10:19,2,2,50.0,0,3,,,,,,
218,Callan,Foote,D,2022-23,24,TOT,NHL,50,2,5,7,6,63,2,0,0,0,5,0,0,39,5.1,,756,15:07,0,0,,52,58,,,,,,
219,Nolan,Foote,LW,2022-23,22,NJD,NHL,6,1,0,1,2,0,1,0,0,0,0,0,0,4,25.0,,43,7:13,0,2,0.0,3,5,,,,,,
220,Gustav,Forsling,D,2022-23,26,FLA,NHL,82,13,28,41,19,40,12,1,0,3,22,4,2,209,6.2,,1922,23:26,0,0,,106,69,,,,,,
221,Gabriel,Fortier,LW,2022-23,22,TBL,NHL,1,0,0,0,0,0,0,0,0,0,0,0,0,0,,,8,8:25,0,0,,0,1,,,,,,
222,Jean-Luc,Foudy,C,2022-23,20,COL,NHL,9,0,0,0,-3,6,0,0,0,0,0,0,0,12,0.0,,90,10:02,0,3,0.0,2,2,,,,,,
223,Liam,Foudy,C,2022-23,22,CBJ,NHL,62,7,7,14,-26,8,7,0,0,0,7,0,0,67,10.4,,752,12:08,3,6,33.3,18,60,,,,,,
224,Cam,Fowler,D,2022-23,31,ANA,NHL,82,10,38,48,-23,14,6,4,0,1,28,10,0,130,7.7,,1982,24:10,0,0,,104,18,,,,,,
225,Adam,Fox,D,2022-23,24,NYR,NHL,82,12,60,72,28,34,11,1,0,5,29,28,3,159,7.5,,1999,24:23,0,0,,125,25,,,,,,
226,Trent,Frederic,C,2022-23,24,BOS,NHL,79,17,14,31,28,57,17,0,0,6,13,0,1,120,14.2,,942,11:55,24,48,33.3,36,105,,,,,,
227,Mark,Friedman,D,2022-23,27,PIT,NHL,23,1,2,3,2,15,1,0,0,0,2,0,0,36,2.8,,332,14:27,0,0,,22,52,,,,,,
228,Jesper,Frödén,F,2022-23,28,SEA,NHL,14,0,4,4,4,6,0,0,0,0,4,0,0,10,0.0,,140,10:00,0,0,,6,11,,,,,,
229,Byron,Froese,C,2022-23,31,VEG,NHL,9,1,1,2,0,4,1,0,0,0,1,0,0,15,6.7,,90,9:58,31,21,59.6,5,11,,,,,,
230,Morgan,Frost,C,2022-23,23,PHI,NHL,81,19,27,46,-12,24,18,1,0,3,23,4,0,155,12.3,,1324,16:21,436,515,45.8,53,85,,,,,,
231,Sam,Gagner,C,2022-23,33,WPG,NHL,48,8,6,14,-4,13,7,1,0,2,4,2,0,78,10.3,,584,12:10,14,32,30.4,14,16,,,,,,
232,Alex,Galchenyuk,C,2022-23,28,COL,NHL,11,0,0,0,-8,4,0,0,0,0,0,0,0,8,0.0,,78,7:06,4,3,57.1,3,10,,,,,,
233,Dylan,Gambrell,C,2022-23,26,OTT,NHL,60,4,6,10,-4,35,4,0,0,0,4,0,2,46,8.7,,683,11:23,138,168,45.1,45,60,,,,,,
234,Conor,Garland,RW,2022-23,26,VAN,NHL,81,17,29,46,-5,31,15,2,0,2,19,10,0,167,10.2,,1224,15:07,3,11,21.4,20,47,,,,,,
235,Frédérick,Gaudreau,C,2022-23,29,MIN,NHL,82,19,19,38,10,10,12,3,4,3,17,1,1,138,13.8,,1316,16:03,500,515,49.3,52,42,,,,,,
236,Johnny,Gaudreau,LW,2022-23,29,CBJ,NHL,80,21,53,74,-33,22,18,3,0,4,32,21,0,220,9.5,,1553,19:25,0,0,,18,5,,,,,,
237,Brendan,Gaunce,C,2022-23,28,CBJ,NHL,5,0,1,1,-1,2,0,0,0,0,1,0,0,9,0.0,,52,10:28,33,23,58.9,2,4,,,,,,
238,Vladislav,Gavrikov,D,2022-23,27,TOT,NHL,72,6,13,19,4,38,5,0,1,2,12,0,1,89,6.7,,1582,21:58,0,0,,115,74,,,,,,
239,Glenn,Gawdin,C,2022-23,25,ANA,NHL,3,0,0,0,-1,0,0,0,0,0,0,0,0,3,0.0,,29,9:36,8,14,36.4,3,4,,,,,,
240,Morgan,Geekie,C,2022-23,24,SEA,NHL,69,9,19,28,14,24,8,1,0,3,19,0,0,81,11.1,,721,10:27,297,307,49.2,33,53,,,,,,
241,Dennis,Gilbert,D,2022-23,26,CGY,NHL,23,1,3,4,0,27,1,0,0,1,3,0,0,13,7.7,,270,11:44,0,0,,26,55,,,,,,
242,Adam,Ginning,D,2022-23,23,PHI,NHL,1,0,0,0,0,2,0,0,0,0,0,0,0,0,,,17,16:40,0,0,,2,2,,,,,,
243,Mark,Giordano,D,2022-23,39,TOR,NHL,78,4,20,24,27,53,3,0,1,1,20,0,0,107,3.7,,1478,18:57,0,0,,147,60,,,,,,
244,Samuel,Girard,D,2022-23,24,COL,NHL,76,6,31,37,-10,16,5,1,0,1,23,7,1,119,5.0,,1634,21:30,0,0,,116,67,,,,,,
245,Zemgus,Girgensons,C,2022-23,29,BUF,NHL,80,10,8,18,-5,14,10,0,0,0,7,1,0,114,8.8,,1038,12:59,94,113,45.4,49,96,,,,,,
246,Claude,Giroux,C,2022-23,35,OTT,NHL,82,35,44,79,4,34,28,7,0,6,26,17,1,214,16.4,,1541,18:48,712,509,58.3,30,75,,,,,,
247,Damien,Giroux,C,2022-23,22,MIN,NHL,1,0,1,1,0,2,0,0,0,0,1,0,0,0,,,14,13:57,2,3,40.0,1,2,,,,,,
248,Cody,Glass,C,2022-23,23,NSH,NHL,72,14,21,35,9,20,8,6,0,2,18,3,0,131,10.7,,1063,14:46,362,365,49.8,31,62,,,,,,
249,Alex,Goligoski,D,2022-23,37,MIN,NHL,46,2,4,6,-9,16,2,0,0,2,3,1,0,63,3.2,,813,17:40,0,0,,67,33,,,,,,
250,Barclay,Goodrow,RW,2022-23,29,NYR,NHL,82,11,20,31,3,58,10,1,0,2,18,1,1,89,12.4,,1162,14:10,272,321,45.9,64,122,,,,,,
251,Shayne,Gostisbehere,D,2022-23,29,TOT,NHL,75,13,28,41,-5,32,6,5,2,2,18,10,0,155,8.4,,1561,20:49,0,0,,89,46,,,,,,
252,Yanni,Gourde,C,2022-23,31,SEA,NHL,81,14,34,48,23,76,10,3,1,2,33,1,0,141,9.9,,1388,17:08,483,489,49.7,54,118,,,,,,
253,Mikael,Granlund,C,2022-23,30,TOT,NHL,79,10,31,41,-15,20,9,1,0,1,20,11,0,121,8.3,,1408,17:50,171,213,44.5,60,78,,,,,,
254,Kevin,Gravel,D,2022-23,30,NSH,NHL,23,0,1,1,-10,4,0,0,0,0,1,0,0,20,0.0,,328,14:16,0,0,,36,23,,,,,,
255,Jordan,Greenway,LW,2022-23,25,TOT,NHL,62,6,5,11,-6,26,6,0,0,0,5,0,0,99,6.1,,837,13:30,2,12,14.3,39,107,,,,,,
256,A.J.,Greer,LW,2022-23,26,BOS,NHL,61,5,7,12,9,114,5,0,0,1,7,0,0,66,7.6,,556,9:07,2,1,66.7,25,101,,,,,,
257,Noah,Gregor,C,2022-23,24,SJS,NHL,57,10,7,17,-9,32,10,0,0,1,6,0,1,119,8.4,,740,12:58,7,16,30.4,34,97,,,,,,
258,Ridly,Greig,C,2022-23,20,OTT,NHL,20,2,7,9,1,12,2,0,0,0,4,3,0,30,6.7,,258,12:54,43,66,39.4,3,33,,,,,,
259,Jordan,Gross,D,2022-23,27,NSH,NHL,15,3,0,3,-3,2,2,1,0,0,0,0,0,24,12.5,,282,18:47,0,0,,16,10,,,,,,
260,Benoit-Olivier,Groulx,C,2022-23,22,ANA,NHL,2,0,0,0,0,0,0,0,0,0,0,0,0,2,0.0,,33,16:21,9,11,45.0,0,0,,,,,,
261,Jonathan,Gruden,C,2022-23,22,PIT,NHL,3,0,0,0,0,0,0,0,0,0,0,0,0,0,,,16,5:20,5,9,35.7,1,4,,,,,,
262,Carl,Grundström,RW,2022-23,25,LAK,NHL,57,12,7,19,-4,16,11,1,0,2,7,0,0,90,13.3,,613,10:45,4,5,44.4,17,144,,,,,,
263,Radko,Gudas,D,2022-23,32,FLA,NHL,72,2,15,17,14,79,2,0,0,0,15,0,0,110,1.8,,1250,17:22,0,0,,124,312,,,,,,
264,Erik,Gudbranson,D,2022-23,31,CBJ,NHL,70,1,12,13,-24,57,1,0,0,1,12,0,0,102,1.0,,1491,21:18,0,0,,137,119,,,,,,
265,Max,Guenette,D,2022-23,21,OTT,NHL,1,0,0,0,-1,0,0,0,0,0,0,0,0,2,0.0,,9,8:47,0,0,,1,1,,,,,,
266,Dylan,Guenther,RW,2022-23,19,ARI,NHL,33,6,9,15,-7,10,2,4,0,1,7,2,0,53,11.3,,433,13:07,2,2,50.0,11,18,,,,,,
267,Jake,Guentzel,C,2022-23,28,PIT,NHL,78,36,37,73,2,46,25,11,0,6,25,12,0,244,14.8,,1569,20:07,8,8,50.0,46,83,,,,,,
268,Denis,Gurianov,RW,2022-23,25,TOT,NHL,66,7,10,17,-9,10,6,1,0,0,8,2,0,116,6.0,,871,13:12,0,1,0.0,27,43,,,,,,
269,Daniil,Gushchin,LW,2022-23,20,SJS,NHL,2,1,1,2,-1,0,0,1,0,0,0,1,0,8,12.5,,32,15:55,0,0,,5,0,,,,,,
270,Dave,Gust,RW,2022-23,28,CHI,NHL,4,1,0,1,-2,2,1,0,0,0,0,0,0,7,14.3,,57,14:12,0,0,,1,3,,,,,,
271,Erik,Gustafsson,D,2022-23,30,TOT,NHL,70,7,35,42,9,23,7,0,0,2,21,14,0,122,5.7,,1384,19:46,0,0,,63,52,,,,,,
272,Cole,Guttman,C,2022-23,23,CHI,NHL,14,4,2,6,1,2,4,0,0,1,2,0,0,26,15.4,,204,14:34,88,81,52.1,8,4,,,,,,
273,Brandon,Hagel,LW,2022-23,24,TBL,NHL,81,30,34,64,23,54,22,7,1,3,26,6,2,178,16.9,,1510,18:39,23,58,28.4,58,68,,,,,,
274,Robert,Hägg,D,2022-23,27,DET,NHL,38,2,5,7,-5,26,2,0,0,0,5,0,0,40,5.0,,590,15:31,0,0,,47,111,,,,,,
275,Nicolas,Hague,D,2022-23,24,VEG,NHL,81,3,14,17,7,51,3,0,0,1,14,0,0,103,2.9,,1465,18:05,0,0,,133,117,,,,,,
276,Libor,Hájek,D,2022-23,24,NYR,NHL,16,1,0,1,2,4,1,0,0,0,0,0,0,13,7.7,,212,13:16,0,0,,20,17,,,,,,
277,Jani,Hakanpää,D,2022-23,30,DAL,NHL,82,6,10,16,18,60,6,0,0,1,10,0,0,86,7.0,,1585,19:20,0,0,,128,224,,,,,,
278,Taylor,Hall,LW,2022-23,31,BOS,NHL,61,16,20,36,11,24,12,4,0,5,16,4,0,150,10.7,,972,15:56,4,5,44.4,33,35,,,,,,
279,Filip,Hallander,C,2022-23,22,PIT,NHL,2,0,0,0,0,0,0,0,0,0,0,0,0,0,,,20,9:58,0,0,,3,1,,,,,,
280,James,Hamblin,F,2022-23,23,EDM,NHL,10,0,0,0,-3,2,0,0,0,0,0,0,0,12,0.0,,89,8:52,27,15,64.3,1,2,,,,,,
281,Dougie,Hamilton,D,2022-23,29,NJD,NHL,82,22,52,74,23,50,14,8,0,7,32,20,0,275,8.0,,1786,21:46,0,0,,86,64,,,,,,
282,Travis,Hamonic,D,2022-23,32,OTT,NHL,75,6,15,21,-5,71,6,0,0,1,11,1,3,136,4.4,,1392,18:34,0,0,,143,109,,,,,,
283,Noah,Hanifin,D,2022-23,26,CGY,NHL,81,7,31,38,2,33,6,1,0,0,23,7,1,176,4.0,,1834,22:39,0,0,,129,76,,,,,,
284,Joel,Hanley,D,2022-23,31,DAL,NHL,26,0,2,2,5,15,0,0,0,0,2,0,0,14,0.0,,303,11:38,0,0,,28,24,,,,,,
285,Mike,Hardman,RW,2022-23,23,CHI,NHL,8,0,0,0,-2,0,0,0,0,0,0,0,0,7,0.0,,81,10:10,6,4,60.0,6,25,,,,,,
286,Jansen,Harkins,C,2022-23,25,WPG,NHL,22,3,2,5,4,12,3,0,0,0,2,0,0,18,16.7,,238,10:49,2,7,22.2,11,16,,,,,,
287,Thomas,Harley,D,2022-23,21,DAL,NHL,6,0,2,2,5,2,0,0,0,0,2,0,0,8,0.0,,101,16:48,0,0,,8,1,,,,,,
288,Ben,Harpur,D,2022-23,28,NYR,NHL,42,1,5,6,0,20,1,0,0,0,5,0,0,34,2.9,,591,14:04,0,0,,57,63,,,,,,
289,Scott,Harrington,D,2022-23,29,TOT,NHL,45,4,7,11,-6,10,4,0,0,1,7,0,0,33,12.1,,740,16:26,0,0,,78,51,,,,,,
290,Jordan,Harris,D,2022-23,22,MTL,NHL,65,4,13,17,-3,26,4,0,0,0,12,1,0,70,5.7,,1212,18:39,0,0,,98,53,,,,,,
291,Rafaël,Harvey-Pinard,LW,2022-23,24,MTL,NHL,34,14,6,20,7,10,9,4,1,1,6,0,0,58,24.1,,586,17:14,0,1,0.0,56,57,,,,,,
292,Garnet,Hathaway,RW,2022-23,31,TOT,NHL,84,13,9,22,5,69,13,0,0,3,8,0,1,88,14.8,,991,11:48,3,10,23.1,83,268,,,,,,
293,Erik,Haula,LW,2022-23,31,NJD,NHL,80,14,27,41,13,47,10,2,2,0,21,5,1,164,8.5,,1330,16:38,573,484,54.2,54,92,,,,,,
294,Kevin,Hayes,RW,2022-23,30,PHI,NHL,81,18,36,54,-22,23,12,6,0,1,26,10,0,209,8.6,,1423,17:34,334,342,49.4,22,52,,,,,,
295,Barrett,Hayton,C,2022-23,22,ARI,NHL,82,19,24,43,-5,42,15,4,0,4,17,6,1,178,10.7,,1435,17:30,628,602,51.1,33,83,,,,,,
296,Dillon,Heatherington,D,2022-23,27,OTT,NHL,3,0,0,0,-3,0,0,0,0,0,0,0,0,1,0.0,,28,9:16,0,0,,2,2,,,,,,
297,Victor,Hedman,D,2022-23,32,TBL,NHL,76,9,40,49,10,42,7,1,1,1,25,13,2,185,4.9,,1803,23:43,0,0,,136,95,,,,,,
298,Danton,Heinen,C,2022-23,27,PIT,NHL,65,8,14,22,-5,12,7,1,0,0,13,1,0,96,8.3,,699,10:45,2,3,40.0,26,76,,,,,,
299,Ville,Heinola,D,2022-23,21,WPG,NHL,10,0,1,1,-5,2,0,0,0,0,1,0,0,5,0.0,,133,13:16,0,0,,7,7,,,,,,
300,Miro,Heiskanen,D,2022-23,23,DAL,NHL,79,11,62,73,12,32,9,2,0,2,29,32,1,206,5.3,,2014,25:29,0,0,,96,49,,,,,,
301,Drew,Helleson,D,2022-23,21,ANA,NHL,3,1,0,1,0,2,1,0,0,0,0,0,0,4,25.0,,41,13:39,0,0,,3,2,,,,,,
302,Aleksi,Heponiemi,C,2022-23,24,FLA,NHL,10,1,2,3,-1,2,1,0,0,0,2,0,0,6,16.7,,86,8:35,2,0,100.0,1,2,,,,,,
303,Tomáš,Hertl,C,2022-23,29,SJS,NHL,79,22,41,63,-36,42,16,6,0,1,25,16,0,183,12.0,,1523,19:17,792,653,54.8,57,91,,,,,,
304,Matthew,Highmore,LW,2022-23,26,STL,NHL,2,0,0,0,1,0,0,0,0,0,0,0,0,2,0.0,,22,10:45,0,0,,0,4,,,,,,
305,Vinnie,Hinostroza,C,2022-23,28,BUF,NHL,26,2,9,11,-1,6,2,0,0,1,8,0,1,38,5.3,,328,12:36,1,3,25.0,7,1,,,,,,
306,Roope,Hintz,LW,2022-23,26,DAL,NHL,73,37,38,75,31,30,25,9,3,5,26,12,0,184,20.1,,1282,17:33,249,230,52.0,45,47,,,,,,
307,Akito,Hirose,D,2022-23,23,VAN,NHL,7,0,3,3,-1,4,0,0,0,0,1,2,0,4,0.0,,122,17:28,0,0,,6,6,,,,,,
308,Taro,Hirose,LW,2022-23,26,DET,NHL,3,0,0,0,-2,2,0,0,0,0,0,0,0,2,0.0,,31,10:20,1,0,100.0,2,1,,,,,,
309,Nico,Hischier,C,2022-23,24,NJD,NHL,81,31,49,80,33,10,21,7,3,9,36,12,1,256,12.1,,1562,19:17,891,763,53.9,61,34,,,,,,
310,Hayden,Hodgson,RW,2022-23,26,PHI,NHL,1,0,0,0,0,0,0,0,0,0,0,0,0,0,,,5,4:46,0,0,,0,0,,,,,,
311,Mike,Hoffman,C,2022-23,33,MTL,NHL,67,14,20,34,-10,28,13,1,0,3,11,9,0,148,9.5,,1050,15:40,16,12,57.1,24,24,,,,,,
312,Nils,Höglander,LW,2022-23,22,VAN,NHL,25,3,6,9,-4,6,3,0,0,0,6,0,0,29,10.3,,301,12:03,1,1,50.0,8,21,,,,,,
313,Nick,Holden,D,2022-23,35,OTT,NHL,65,2,14,16,0,10,2,0,0,0,13,0,1,73,2.7,,1086,16:42,0,0,,69,79,,,,,,
314,Justin,Holl,D,2022-23,31,TOR,NHL,80,2,16,18,15,39,2,0,0,1,16,0,0,60,3.3,,1619,20:14,0,0,,139,151,,,,,,
315,Dylan,Holloway,C,2022-23,21,EDM,NHL,51,3,6,9,0,27,3,0,0,1,6,0,0,44,6.8,,489,9:35,22,40,35.5,16,83,,,,,,
316,Mac,Hollowell,D,2022-23,24,TOR,NHL,6,0,2,2,3,2,0,0,0,0,2,0,0,4,0.0,,78,12:56,0,0,,6,3,,,,,,
317,Pontus,Holmberg,RW,2022-23,23,TOR,NHL,37,5,8,13,0,18,4,1,0,2,8,0,0,27,18.5,,386,10:25,93,126,42.5,18,24,,,,,,
318,Simon,Holmström,RW,2022-23,21,NYI,NHL,50,6,3,9,-4,0,6,0,0,2,3,0,0,39,15.4,,555,11:06,0,3,0.0,22,9,,,,,,
319,Alexander,Holtz,RW,2022-23,21,NJD,NHL,19,3,1,4,-6,8,1,2,0,0,1,0,0,21,14.3,,195,10:16,0,0,,4,6,,,,,,
320,Patric,Hörnqvist,RW,2022-23,36,FLA,NHL,22,1,2,3,-4,13,1,0,0,1,1,1,0,40,2.5,,204,9:16,1,5,16.7,8,18,,,,,,
321,Bo,Horvat,C,2022-23,27,TOT,NHL,79,38,32,70,-1,18,22,12,4,5,21,10,1,229,16.6,,1632,20:39,958,727,56.9,55,57,,,,,,
322,Filip,Hronek,D,2022-23,25,TOT,NHL,64,9,30,39,7,34,5,4,0,1,18,12,0,124,7.3,,1389,21:42,0,0,,58,102,,,,,,
323,Jonathan,Huberdeau,LW,2022-23,29,CGY,NHL,79,15,40,55,2,36,11,4,0,1,29,11,0,126,11.9,,1332,16:52,5,10,33.3,27,65,,,,,,
324,Charles,Hudon,LW,2022-23,28,COL,NHL,9,0,0,0,-2,2,0,0,0,0,0,0,0,18,0.0,,97,10:47,5,4,55.6,2,13,,,,,,
325,Jack,Hughes,C,2022-23,21,NJD,NHL,78,43,56,99,10,6,34,9,0,6,34,22,0,336,12.8,,1557,19:58,164,300,35.3,30,12,,,,,,
326,Luke,Hughes,D,2022-23,19,NJD,NHL,2,1,1,2,0,0,1,0,0,1,1,0,0,2,50.0,,32,16:14,0,0,,3,1,,,,,,
327,Quinn,Hughes,D,2022-23,23,VAN,NHL,78,7,69,76,15,34,5,2,0,0,36,32,1,154,4.5,,2002,25:40,0,0,,71,29,,,,,,
328,Brad,Hunt,D,2022-23,34,COL,NHL,47,4,6,10,4,12,4,0,0,0,6,0,0,46,8.7,,527,11:13,0,0,,10,16,,,,,,
329,Dryden,Hunt,LW,2022-23,27,TOT,NHL,37,3,0,3,-10,24,3,0,0,0,0,0,0,23,13.0,,299,8:04,1,2,33.3,4,100,,,,,,
330,Ben,Hutton,D,2022-23,29,VEG,NHL,31,3,5,8,1,6,3,0,0,0,4,1,0,52,5.8,,496,16:00,0,0,,34,18,,,,,,
331,Zach,Hyman,LW,2022-23,30,EDM,NHL,79,36,47,83,13,39,21,15,0,3,36,11,0,276,13.0,,1592,20:09,6,6,50.0,19,77,,,,,,
332,Alex,Iafallo,C,2022-23,29,LAK,NHL,59,14,22,36,14,20,7,7,0,5,21,1,0,133,10.5,,962,16:18,7,6,53.8,33,27,,,,,,
333,Bokondji,Imama,LW,2022-23,26,ARI,NHL,5,0,0,0,-2,5,0,0,0,0,0,0,0,0,,,37,7:29,0,0,,2,13,,,,,,
334,Vincent,Iorio,D,2022-23,20,WSH,NHL,3,0,1,1,0,0,0,0,0,0,1,0,0,3,0.0,,43,14:21,0,0,,3,2,,,,,,
335,Matt,Irwin,D,2022-23,35,WSH,NHL,61,2,3,5,-8,36,2,0,0,0,3,0,0,79,2.5,,795,13:02,0,0,,75,117,,,,,,
336,Mark,Jankowski,C,2022-23,28,NSH,NHL,50,7,5,12,-1,18,4,0,3,3,5,0,0,57,12.3,,622,12:26,191,152,55.7,31,45,,,,,,
337,Mattias,Janmark,C,2022-23,30,EDM,NHL,66,10,15,25,9,30,7,0,3,1,14,0,1,79,12.7,,968,14:40,26,33,44.1,26,20,,,,,,
338,Calle,Järnkrok,C,2022-23,31,TOR,NHL,73,20,19,39,9,14,16,3,1,2,15,2,2,106,18.9,,1050,14:23,42,52,44.7,19,50,,,,,,
339,Seth,Jarvis,C,2022-23,20,CAR,NHL,82,14,25,39,10,12,13,0,1,0,20,5,0,187,7.5,,1329,16:12,9,17,34.6,48,73,,,,,,
340,Tanner,Jeannot,F,2022-23,25,TOT,NHL,76,6,12,18,-7,107,6,0,0,1,11,0,1,107,5.6,,1083,14:15,10,13,43.5,62,290,,,,,,
341,Jan,Jeník,RW,2022-23,22,ARI,NHL,2,0,0,0,0,4,0,0,0,0,0,0,0,0,,,12,5:55,1,4,20.0,2,4,,,,,,
342,Nick,Jensen,D,2022-23,32,WSH,NHL,77,5,24,29,-1,18,5,0,0,0,23,0,1,109,4.6,,1587,20:37,0,0,,128,107,,,,,,
343,David,Jiříček,D,2022-23,19,CBJ,NHL,4,0,0,0,-4,2,0,0,0,0,0,0,0,5,0.0,,72,18:04,0,0,,7,9,,,,,,
344,Lucas,Johansen,D,2022-23,25,WSH,NHL,2,0,0,0,0,0,0,0,0,0,0,0,0,3,0.0,,25,12:40,0,0,,3,0,,,,,,
345,Ryan,Johansen,C,2022-23,30,NSH,NHL,55,12,16,28,-13,32,7,5,0,1,11,5,0,86,14.0,,867,15:46,502,346,59.2,19,49,,,,,,
346,Marcus,Johansson,C,2022-23,32,TOT,NHL,80,19,27,46,3,8,12,5,2,7,14,13,0,137,13.9,,1319,16:29,23,29,44.2,23,26,,,,,,
347,Jack,Johnson,D,2022-23,36,TOT,NHL,83,2,6,8,-15,28,2,0,0,0,4,0,2,92,2.2,,1589,19:09,0,1,0.0,127,117,,,,,,
348,Kent,Johnson,C,2022-23,20,CBJ,NHL,79,16,24,40,-19,14,11,5,0,3,17,7,0,126,12.7,,1147,14:31,41,98,29.5,30,15,,,,,,
349,Andreas,Johnsson,LW,2022-23,28,TOT,NHL,13,0,3,3,-6,6,0,0,0,0,3,0,0,18,0.0,,175,13:28,6,7,46.2,5,7,,,,,,
350,Ross,Johnston,LW,2022-23,28,NYI,NHL,16,0,2,2,-1,37,0,0,0,0,2,0,0,2,0.0,,125,7:48,1,0,100.0,5,34,,,,,,
351,Wyatt,Johnston,C,2022-23,19,DAL,NHL,82,24,17,41,6,20,21,3,0,3,13,4,0,160,15.0,,1270,15:29,145,190,43.3,31,22,,,,,,
352,Caleb,Jones,D,2022-23,25,CHI,NHL,73,4,12,16,-19,40,3,1,0,1,9,3,0,86,4.7,,1402,19:13,0,0,,118,116,,,,,,
353,Max,Jones,LW,2022-23,24,ANA,NHL,69,9,10,19,-21,77,9,0,0,2,10,0,0,107,8.4,,877,12:43,10,12,45.5,18,110,,,,,,
354,Zachary,Jones,D,2022-23,22,NYR,NHL,16,1,1,2,-2,4,1,0,0,1,1,0,0,15,6.7,,250,15:37,0,0,,16,5,,,,,,
355,Axel,Jonsson-Fjällby,LW,2022-23,24,WPG,NHL,50,6,8,14,-1,8,6,0,0,2,7,0,1,54,11.1,,523,10:27,1,4,20.0,18,43,,,,,,
356,Pierre-Olivier,Joseph,D,2022-23,23,PIT,NHL,75,5,16,21,8,44,4,1,0,1,14,2,0,108,4.6,,1144,15:15,0,0,,36,88,,,,,,
357,Dakota,Joshua,C,2022-23,26,VAN,NHL,79,11,12,23,-16,60,9,1,1,2,12,0,0,71,15.5,,910,11:31,23,20,53.5,30,222,,,,,,
358,Roman,Josi,D,2022-23,32,NSH,NHL,67,18,41,59,5,36,10,8,0,5,25,16,0,269,6.7,,1686,25:10,0,0,,146,51,,,,,,
359,Tyson,Jost,C,2022-23,24,TOT,NHL,71,7,18,25,-13,34,7,0,0,0,18,0,0,98,7.1,,940,13:15,175,276,38.8,32,61,,,,,,
360,Noah,Juulsen,D,2022-23,25,VAN,NHL,12,0,0,0,1,6,0,0,0,0,0,0,0,5,0.0,,180,14:58,0,0,,16,43,,,,,,
361,Nazem,Kadri,C,2022-23,32,CGY,NHL,82,24,32,56,-19,56,13,11,0,4,24,8,0,267,9.0,,1411,17:13,586,648,47.5,31,99,,,,,,
362,Wyatt,Kaiser,D,2022-23,20,CHI,NHL,9,0,3,3,-4,4,0,0,0,0,3,0,0,14,0.0,,167,18:36,0,0,,10,5,,,,,,
363,Kaapo,Kakko,RW,2022-23,21,NYR,NHL,82,18,22,40,12,8,18,0,0,2,19,3,0,125,14.4,,1255,15:18,1,3,25.0,27,26,,,,,,
364,Arthur,Kaliyev,RW,2022-23,21,LAK,NHL,56,13,15,28,-5,12,5,8,0,1,11,4,0,122,10.7,,654,11:41,0,0,,10,40,,,,,,
365,David,Kämpf,C,2022-23,28,TOR,NHL,82,7,20,27,6,8,7,0,0,1,17,0,3,107,6.5,,1255,15:18,591,556,51.5,29,74,,,,,,
366,Kirill,Kaprizov,LW,2022-23,25,MIN,NHL,67,40,35,75,4,45,23,17,0,6,20,15,0,261,15.3,,1415,21:07,2,3,40.0,28,66,,,,,,
367,Erik,Karlsson,D,2022-23,32,SJS,NHL,82,25,76,101,-26,36,20,5,0,4,54,22,0,209,12.0,,2100,25:37,0,1,0.0,90,33,,,,,,
368,William,Karlsson,C,2022-23,30,VEG,NHL,82,14,39,53,14,10,10,2,2,2,29,7,3,161,8.7,,1432,17:28,632,510,55.3,50,50,,,,,,
369,Fredrik,Karlström,C,2022-23,25,DAL,NHL,5,0,0,0,1,0,0,0,0,0,0,0,0,6,0.0,,48,9:33,0,0,,1,1,,,,,,
370,Ondřej,Kaše,RW,2022-23,27,CAR,NHL,1,0,0,0,0,0,0,0,0,0,0,0,0,0,,,11,11:02,0,1,0.0,0,1,,,,,,
371,Marco,Kasper,C,2022-23,18,DET,NHL,1,0,0,0,0,0,0,0,0,0,0,0,0,1,0.0,,15,14:59,1,7,12.5,0,3,,,,,,
372,Mark,Kastelic,C,2022-23,23,OTT,NHL,65,7,4,11,-6,102,7,0,0,2,4,0,0,73,9.6,,578,8:54,336,254,56.9,37,154,,,,,,
373,Boris,Katchouk,LW,2022-23,24,CHI,NHL,58,5,11,16,-10,27,5,0,0,2,10,0,1,68,7.4,,701,12:05,3,12,20.0,15,85,,,,,,
374,Martin,Kaut,RW,2022-23,23,TOT,NHL,36,4,4,8,-4,4,3,1,0,1,4,0,0,44,9.1,,374,10:24,2,4,33.3,5,23,,,,,,
375,Miloš,Kelemen,F,2022-23,23,ARI,NHL,14,1,0,1,-5,23,1,0,0,0,0,0,0,12,8.3,,108,7:41,1,2,33.3,6,26,,,,,,
376,Clayton,Keller,C,2022-23,24,ARI,NHL,82,37,49,86,-2,49,30,6,1,4,35,14,0,223,16.6,,1702,20:45,22,41,34.9,34,18,,,,,,
377,Parker,Kelly,F,2022-23,23,OTT,NHL,55,1,3,4,-9,37,1,0,0,1,2,0,1,59,1.7,,578,10:30,5,6,45.5,25,172,,,,,,
378,Adrian,Kempe,LW,2022-23,26,LAK,NHL,82,41,26,67,22,55,27,11,3,6,17,9,0,250,16.4,,1538,18:45,16,35,31.4,32,119,,,,,,
379,Alexander,Kerfoot,C,2022-23,28,TOR,NHL,82,10,22,32,8,30,7,2,1,1,20,1,1,133,7.5,,1199,14:37,65,80,44.8,46,54,,,,,,
380,Matthew,Kessel,D,2022-23,22,STL,NHL,2,0,0,0,-1,0,0,0,0,0,0,0,0,3,0.0,,30,15:10,0,0,,1,0,,,,,,
381,Phil,Kessel,RW,2022-23,35,VEG,NHL,82,14,22,36,-7,30,12,2,0,0,15,7,0,149,9.4,,1050,12:49,5,7,41.7,28,10,,,,,,
382,Michael,Kesselring,D,2022-23,23,ARI,NHL,9,0,3,3,-1,6,0,0,0,0,3,0,0,8,0.0,,154,17:06,0,0,,7,12,,,,,,
383,Jujhar,Khaira,LW,2022-23,28,CHI,NHL,51,6,8,14,-11,31,4,1,1,0,7,1,0,59,10.2,,708,13:53,154,164,48.4,40,108,,,,,,
384,Matt,Kiersted,D,2022-23,24,FLA,NHL,20,1,3,4,4,6,1,0,0,0,3,0,0,14,7.1,,197,9:51,0,0,,7,13,,,,,,
385,Alex,Killorn,C,2022-23,33,TBL,NHL,82,27,37,64,18,45,23,3,1,5,27,9,1,143,18.9,,1411,17:13,1,1,50.0,31,61,,,,,,
386,Justin,Kirkland,LW,2022-23,26,ANA,NHL,7,0,0,0,-3,0,0,0,0,0,0,0,0,5,0.0,,51,7:13,2,1,66.7,3,8,,,,,,
387,Joel,Kiviranta,F,2022-23,26,DAL,NHL,70,8,1,9,-9,40,7,0,1,0,1,0,0,85,9.4,,851,12:09,3,7,30.0,20,117,,,,,,
388,Tyler,Kleven,D,2022-23,21,OTT,NHL,8,0,2,2,-1,2,0,0,0,0,2,0,0,11,0.0,,118,14:41,0,0,,7,9,,,,,,
389,John,Klingberg,D,2022-23,30,TOT,NHL,67,10,23,33,-25,34,8,2,0,3,15,8,0,112,8.9,,1382,20:37,0,0,,84,55,,,,,,
390,Samuel,Kňažko,D,2022-23,20,CBJ,NHL,2,0,0,0,0,0,0,0,0,0,0,0,0,0,,,31,15:39,0,0,,1,0,,,,,,
391,Matthew,Knies,LW,2022-23,20,TOR,NHL,3,0,1,1,1,2,0,0,0,0,1,0,0,4,0.0,,39,13:07,0,0,,2,2,,,,,,
392,Cole,Koepke,LW,2022-23,24,TBL,NHL,17,1,0,1,-5,2,1,0,0,0,0,0,0,12,8.3,,155,9:06,0,0,,5,32,,,,,,
393,Otto,Koivula,LW,2022-23,24,NYI,NHL,8,0,2,2,1,4,0,0,0,0,2,0,0,5,0.0,,55,6:52,13,8,61.9,4,6,,,,,,
394,Keegan,Kolesar,RW,2022-23,25,VEG,NHL,74,8,10,18,6,68,8,0,0,0,10,0,0,63,12.7,,849,11:28,8,16,33.3,31,279,,,,,,
395,Vladislav,Kolyachonok,D,2022-23,21,ARI,NHL,2,0,0,0,0,0,0,0,0,0,0,0,0,2,0.0,,28,13:46,0,0,,2,2,,,,,,
396,Anže,Kopitar,C,2022-23,35,LAK,NHL,82,28,46,74,20,4,21,7,0,4,32,13,1,169,16.6,,1665,20:18,899,709,55.9,87,68,,,,,,
397,Joona,Koppanen,LW,2022-23,24,BOS,NHL,5,0,1,1,0,4,0,0,0,0,1,0,0,2,0.0,,54,10:50,25,19,56.8,2,8,,,,,,
398,Kaedan,Korczak,D,2022-23,22,VEG,NHL,10,0,2,2,-3,0,0,0,0,0,2,0,0,16,0.0,,176,17:34,0,0,,8,25,,,,,,
399,Klim,Kostin,C,2022-23,23,EDM,NHL,57,11,10,21,12,66,11,0,0,2,10,0,0,56,19.6,,573,10:04,4,6,40.0,15,157,,,,,,
400,Jesperi,Kotkaniemi,C,2022-23,22,CAR,NHL,82,18,25,43,10,50,14,3,1,2,17,8,0,129,14.0,,1208,14:44,360,340,51.4,21,105,,,,,,
401,Johnathan,Kovacevic,D,2022-23,25,MTL,NHL,77,3,12,15,3,39,3,0,0,0,12,0,0,92,3.3,,1341,17:25,0,0,,86,93,,,,,,
402,Filip,Král,D,2022-23,23,TOR,NHL,2,0,0,0,0,2,0,0,0,0,0,0,0,1,0.0,,20,9:58,0,0,,1,2,,,,,,
403,Vitali,Kravtsov,RW,2022-23,23,TOT,NHL,44,4,4,8,3,10,3,1,0,0,2,2,0,43,9.3,,493,11:12,0,3,0.0,15,28,,,,,,
404,Peyton,Krebs,C,2022-23,22,BUF,NHL,74,9,17,26,-8,50,7,1,1,0,15,2,0,78,11.5,,1024,13:50,251,305,45.1,20,93,,,,,,
405,Chris,Kreider,LW,2022-23,31,NYR,NHL,79,36,18,54,21,26,24,8,4,3,9,9,0,229,15.7,,1455,18:25,38,46,45.2,24,128,,,,,,
406,David,Krejčí,C,2022-23,36,BOS,NHL,70,16,40,56,23,20,12,4,0,2,32,8,0,112,14.3,,1204,17:12,351,389,47.4,38,41,,,,,,
407,Dominik,Kubalík,LW,2022-23,27,DET,NHL,81,20,25,45,-15,24,13,7,0,3,15,10,0,174,11.5,,1208,14:55,17,18,48.6,26,89,,,,,,
408,Nikita,Kucherov,RW,2022-23,29,TBL,NHL,82,30,83,113,-2,36,22,8,0,4,41,42,0,271,11.1,,1651,20:08,2,0,100.0,28,61,,,,,,
409,Karson,Kuhlman,C,2022-23,27,TOT,NHL,47,3,4,7,-4,8,3,0,0,2,4,0,0,48,6.3,,557,11:51,0,5,0.0,18,41,,,,,,
410,Brett,Kulak,D,2022-23,29,EDM,NHL,82,3,17,20,11,41,3,0,0,0,14,0,3,114,2.6,,1436,17:31,0,0,,106,105,,,,,,
411,Rasmus,Kupari,C,2022-23,22,LAK,NHL,66,3,12,15,-5,12,3,0,0,0,11,0,1,53,5.7,,666,10:06,220,183,54.6,34,80,,,,,,
412,Philipp,Kurashev,C,2022-23,23,CHI,NHL,70,9,16,25,-32,14,9,0,0,2,12,4,0,116,7.8,,1219,17:25,85,105,44.7,34,38,,,,,,
413,Andrei,Kuzmenko,F,2022-23,26,VAN,NHL,81,39,35,74,9,8,25,14,0,4,30,5,0,143,27.3,,1316,16:15,0,1,0.0,18,13,,,,,,
414,Evgeny,Kuznetsov,C,2022-23,30,WSH,NHL,81,12,43,55,-26,56,7,5,0,2,30,13,0,172,7.0,,1463,18:04,508,561,47.5,29,43,,,,,,
415,Jordan,Kyrou,C,2022-23,24,STL,NHL,79,37,36,73,-38,22,26,11,0,5,23,12,1,272,13.6,,1422,18:00,5,9,35.7,35,14,,,,,,
416,Kevin,Labanc,RW,2022-23,27,SJS,NHL,72,15,18,33,-17,36,13,2,0,0,17,1,0,129,11.6,,1031,14:20,5,3,62.5,28,70,,,,,,
417,Jackson,LaCombe,D,2022-23,22,ANA,NHL,2,0,0,0,-1,0,0,0,0,0,0,0,0,1,0.0,,37,18:29,0,0,,9,1,,,,,,
418,Sam,Lafferty,C,2022-23,27,TOT,NHL,70,12,15,27,-11,37,8,0,4,1,14,0,1,102,11.8,,1023,14:37,248,237,51.1,33,125,,,,,,
419,Alexis,Lafrenière,LW,2022-23,21,NYR,NHL,81,16,23,39,10,33,13,3,0,2,22,1,0,135,11.9,,1233,15:13,28,48,36.8,28,141,,,,,,
420,Maxime,Lajoie,D,2022-23,25,CAR,NHL,3,0,0,0,0,0,0,0,0,0,0,0,0,2,0.0,,24,7:51,0,0,,0,2,,,,,,
421,Dylan,Larkin,C,2022-23,26,DET,NHL,80,32,47,79,-7,45,15,16,1,5,32,15,0,244,13.1,,1564,19:33,737,618,54.4,27,47,,,,,,
422,Adam,Larsson,D,2022-23,30,SEA,NHL,82,8,25,33,27,47,7,0,1,2,25,0,0,143,5.6,,1938,23:38,0,0,,173,222,,,,,,
423,Jacob,Larsson,D,2022-23,25,OTT,NHL,7,0,0,0,0,6,0,0,0,0,0,0,0,4,0.0,,84,11:58,0,0,,6,7,,,,,,
424,Scott,Laughton,C,2022-23,28,PHI,NHL,78,18,25,43,-9,50,10,5,3,0,17,4,4,170,10.6,,1426,18:17,509,568,47.3,57,156,,,,,,
425,Jakub,Lauko,C,2022-23,22,BOS,NHL,23,4,3,7,2,11,4,0,0,1,3,0,0,17,23.5,,204,8:52,0,4,0.0,6,44,,,,,,
426,Jeremy,Lauzon,D,2022-23,25,NSH,NHL,67,3,9,12,-11,66,3,0,0,0,8,0,1,77,3.9,,1128,16:51,0,0,,75,250,,,,,,
427,Brett,Leason,RW,2022-23,23,ANA,NHL,54,6,3,9,-21,14,6,0,0,1,3,0,0,51,11.8,,588,10:54,2,4,33.3,18,35,,,,,,
428,Nick,Leddy,D,2022-23,31,STL,NHL,78,2,21,23,4,20,2,0,0,1,21,0,0,79,2.5,,1648,21:07,0,0,,96,43,,,,,,
429,Anders,Lee,LW,2022-23,32,NYI,NHL,82,28,22,50,-3,50,22,6,0,4,14,8,0,214,13.1,,1412,17:13,27,23,54.0,57,125,,,,,,
430,Artturi,Lehkonen,LW,2022-23,27,COL,NHL,64,21,30,51,8,28,12,8,1,3,18,12,0,150,14.0,,1309,20:27,4,19,17.4,43,93,,,,,,
431,Josh,Leivo,LW,2022-23,29,STL,NHL,51,4,12,16,0,25,4,0,0,0,12,0,0,91,4.4,,606,11:53,3,4,42.9,13,55,,,,,,
432,John,Leonard,LW,2022-23,24,NSH,NHL,6,1,0,1,0,2,1,0,0,1,0,0,0,4,25.0,,69,11:32,0,0,,4,4,,,,,,
433,Jake,Leschyshyn,C,2022-23,23,TOT,NHL,35,0,0,0,-10,8,0,0,0,0,0,0,0,31,0.0,,320,9:08,118,115,50.6,11,55,,,,,,
434,Vinni,Lettieri,C,2022-23,27,BOS,NHL,1,0,0,0,-1,0,0,0,0,0,0,0,0,1,0.0,,10,9:50,0,1,0.0,0,3,,,,,,
435,Anton,Levtchi,F,2022-23,27,FLA,NHL,2,0,0,0,0,0,0,0,0,0,0,0,0,1,0.0,,19,9:35,0,1,0.0,0,0,,,,,,
436,Trevor,Lewis,C,2022-23,36,CGY,NHL,82,9,11,20,-7,18,7,1,1,1,11,0,0,144,6.3,,994,12:07,131,178,42.4,33,158,,,,,,
437,Timothy,Liljegren,D,2022-23,23,TOR,NHL,67,6,12,18,24,30,5,0,1,0,10,1,1,84,7.1,,1200,17:55,0,0,,93,107,,,,,,
438,Oskar,Lindblom,LW,2022-23,26,SJS,NHL,73,6,9,15,-16,18,6,0,0,0,8,1,0,75,8.0,,772,10:34,9,10,47.4,24,64,,,,,,
439,Esa,Lindell,D,2022-23,28,DAL,NHL,82,8,16,24,29,10,8,0,0,2,14,0,2,116,6.9,,1633,19:55,0,0,,147,87,,,,,,
440,Ryan,Lindgren,D,2022-23,24,NYR,NHL,63,1,17,18,29,45,0,0,1,0,16,0,1,75,1.3,,1187,18:50,0,0,,92,68,,,,,,
441,Elias,Lindholm,C,2022-23,28,CGY,NHL,80,22,42,64,6,14,11,10,1,2,29,11,2,186,11.8,,1492,18:39,857,681,55.7,50,98,,,,,,
442,Hampus,Lindholm,D,2022-23,29,BOS,NHL,80,10,43,53,49,56,9,1,0,2,27,16,0,158,6.3,,1855,23:11,0,0,,100,78,,,,,,
443,Gustav,Lindström,D,2022-23,24,DET,NHL,36,1,7,8,-16,20,1,0,0,0,7,0,0,18,5.6,,510,14:10,0,0,,34,39,,,,,,
444,Jake,Livingstone,D,2022-23,,NSH,NHL,5,0,1,1,-2,2,0,0,0,0,1,0,0,3,0.0,,77,15:27,0,0,,11,6,,,,,,
445,Blake,Lizotte,C,2022-23,25,LAK,NHL,81,11,23,34,11,70,11,0,0,1,21,0,2,108,10.2,,1048,12:57,413,394,51.2,39,96,,,,,,
446,Ryan,Lomberg,LW,2022-23,28,FLA,NHL,82,12,8,20,-1,88,12,0,0,1,8,0,0,134,9.0,,927,11:19,15,15,50.0,24,149,,,,,,
447,Steven,Lorentz,C,2022-23,26,SJS,NHL,80,10,9,19,-18,16,8,1,1,0,8,0,1,111,9.0,,947,11:50,262,285,47.9,46,133,,,,,,
448,Adam,Lowry,LW,2022-23,29,WPG,NHL,82,13,23,36,4,48,10,0,3,2,19,2,2,126,10.3,,1283,15:39,595,585,50.4,46,161,,,,,,
449,Jake,Lucchini,F,2022-23,27,OTT,NHL,11,1,0,1,-2,0,0,1,0,1,0,0,0,14,7.1,,128,11:40,0,2,0.0,1,16,,,,,,
450,Milan,Lucic,LW,2022-23,34,CGY,NHL,77,7,12,19,-13,43,7,0,0,0,12,0,0,73,9.6,,871,11:18,17,22,43.6,15,168,,,,,,
451,Anton,Lundell,C,2022-23,21,FLA,NHL,73,12,21,33,1,43,10,0,2,1,16,5,0,152,7.9,,1195,16:22,269,310,46.5,32,29,,,,,,
452,Isac,Lundeström,C,2022-23,23,ANA,NHL,61,4,10,14,-13,2,3,0,1,0,10,0,0,60,6.7,,874,14:20,286,316,47.5,43,20,,,,,,
453,Nils,Lundkvist,D,2022-23,22,DAL,NHL,60,6,10,16,-5,26,5,1,0,2,8,2,0,94,6.4,,979,16:19,0,0,,67,49,,,,,,
454,Eetu,Luostarinen,C,2022-23,24,FLA,NHL,82,17,26,43,19,28,15,2,0,1,22,3,1,132,12.9,,1311,15:59,175,243,41.9,51,64,,,,,,
455,Joona,Luoto,F,2022-23,25,CBJ,NHL,7,1,0,1,-7,0,1,0,0,0,0,0,0,7,14.3,,87,12:28,1,0,100.0,3,11,,,,,,
456,Olle,Lycksell,RW,2022-23,23,PHI,NHL,8,0,1,1,-3,8,0,0,0,0,1,0,0,5,0.0,,84,10:34,0,0,,7,1,,,,,,
457,Ilya,Lyubushkin,D,2022-23,28,BUF,NHL,68,2,12,14,-2,38,1,0,1,1,11,0,1,41,4.9,,1021,15:01,0,0,,104,99,,,,,,
458,Olli,Määttä,D,2022-23,28,DET,NHL,78,6,17,23,-9,14,6,0,0,0,17,0,0,62,9.7,,1459,18:42,0,0,,128,78,,,,,,
459,Matias,Maccelli,LW,2022-23,22,ARI,NHL,64,11,38,49,0,18,10,1,0,1,26,12,0,61,18.0,,1004,15:41,0,7,0.0,20,24,,,,,,
460,Kurtis,MacDermid,D,2022-23,28,COL,NHL,44,1,5,6,-1,55,1,0,0,1,5,0,0,20,5.0,,367,8:20,0,1,0.0,31,86,,,,,,
461,Jacob,MacDonald,D,2022-23,29,TOT,NHL,58,1,7,8,-14,23,1,0,0,0,6,1,0,75,1.3,,698,12:02,0,0,,43,69,,,,,,
462,Connor,Mackey,D,2022-23,26,TOT,NHL,30,3,4,7,-4,48,3,0,0,0,4,0,0,31,9.7,,421,14:03,0,0,,29,61,,,,,,
463,Saku,Mäenalanen,RW,2022-23,28,WPG,NHL,64,4,6,10,0,16,4,0,0,0,6,0,0,61,6.6,,661,10:20,3,5,37.5,31,113,,,,,,
464,Josh,Mahura,D,2022-23,24,FLA,NHL,82,4,12,16,17,48,4,0,0,1,12,0,0,78,5.1,,1151,14:02,0,0,,70,101,,,,,,
465,Evgeni,Malkin,C,2022-23,36,PIT,NHL,82,27,56,83,-12,82,16,11,0,3,31,25,0,240,11.3,,1524,18:35,422,434,49.3,33,53,,,,,,
466,Brad,Malone,C,2022-23,33,EDM,NHL,10,0,0,0,-4,6,0,0,0,0,0,0,0,7,0.0,,77,7:41,26,19,57.8,4,26,,,,,,
467,Mikhail,Maltsev,LW,2022-23,24,COL,NHL,5,0,0,0,0,0,0,0,0,0,0,0,0,4,0.0,,33,6:36,14,13,51.9,2,4,,,,,,
468,Andrew,Mangiapane,LW,2022-23,26,CGY,NHL,82,17,26,43,12,40,15,2,0,1,22,2,2,182,9.3,,1379,16:49,5,9,35.7,26,86,,,,,,
469,Brad,Marchand,LW,2022-23,34,BOS,NHL,73,21,46,67,27,74,12,9,0,4,25,20,1,183,11.5,,1353,18:32,22,35,38.6,22,81,,,,,,
470,Kirill,Marchenko,RW,2022-23,22,CBJ,NHL,59,21,4,25,-23,16,14,7,0,1,3,1,0,131,16.0,,955,16:11,9,7,56.3,39,34,,,,,,
471,Jonathan,Marchessault,C,2022-23,32,VEG,NHL,76,28,29,57,2,21,19,9,0,4,22,7,0,234,12.0,,1303,17:08,21,35,37.5,17,76,,,,,,
472,Mason,Marchment,F,2022-23,27,DAL,NHL,68,12,19,31,-6,80,10,2,0,2,16,3,0,148,8.1,,1068,15:42,10,15,40.0,39,88,,,,,,
473,Mitch,Marner,RW,2022-23,25,TOR,NHL,80,30,69,99,18,28,17,9,4,4,41,27,1,196,15.3,,1702,21:17,0,4,0.0,45,53,,,,,,
474,Pat,Maroon,LW,2022-23,34,TBL,NHL,80,5,9,14,-5,150,5,0,0,0,8,1,0,62,8.1,,828,10:21,2,10,16.7,12,172,,,,,,
475,Matt,Martin,LW,2022-23,33,NYI,NHL,81,7,12,19,4,63,7,0,0,1,12,0,0,82,8.5,,903,11:09,9,18,33.3,43,295,,,,,,
476,Alec,Martinez,D,2022-23,35,VEG,NHL,77,3,11,14,30,29,2,0,1,2,11,0,0,76,3.9,,1480,19:13,0,0,,244,48,,,,,,
477,Jordan,Martinook,LW,2022-23,30,CAR,NHL,82,13,21,34,7,61,12,0,1,3,20,0,1,162,8.0,,1282,15:38,32,39,45.1,31,81,,,,,,
478,Mike,Matheson,D,2022-23,28,MTL,NHL,48,8,26,34,7,33,8,0,0,2,15,9,2,126,6.3,,1174,24:27,0,0,,80,53,,,,,,
479,Scott,Mayfield,D,2022-23,30,NYI,NHL,82,6,18,24,8,83,6,0,0,1,18,0,0,119,5.0,,1724,21:02,0,0,,168,107,,,,,,
480,Dysin,Mayo,D,2022-23,26,ARI,NHL,15,0,0,0,-8,8,0,0,0,0,0,0,0,7,0.0,,175,11:42,0,0,,20,30,,,,,,
481,Jack,McBain,C,2022-23,23,ARI,NHL,82,12,14,26,-8,64,12,0,0,2,14,0,0,85,14.1,,1146,13:59,370,470,44.0,51,304,,,,,,
482,Jake,McCabe,D,2022-23,29,TOT,NHL,76,3,22,25,19,56,3,0,0,1,22,0,0,96,3.1,,1480,19:29,0,0,,151,163,,,,,,
483,Jared,McCann,C,2022-23,26,SEA,NHL,79,40,30,70,18,14,30,7,3,3,21,9,0,210,19.0,,1291,16:20,26,52,33.3,28,65,,,,,,
484,Michael,McCarron,RW,2022-23,27,NSH,NHL,32,2,2,4,-3,24,2,0,0,0,1,0,1,39,5.1,,337,10:33,63,43,59.4,20,75,,,,,,
485,Connor,McDavid,C,2022-23,26,EDM,NHL,82,64,89,153,22,36,39,21,4,11,36,50,3,352,18.2,,1836,22:23,525,486,51.9,40,89,,,,,,
486,Aidan,McDonough,LW,2022-23,23,VAN,NHL,6,1,0,1,-2,2,1,0,0,0,0,0,0,4,25.0,,56,9:19,1,0,100.0,2,7,,,,,,
487,Hugh,McGing,LW,2022-23,24,STL,NHL,1,0,0,0,0,0,0,0,0,0,0,0,0,0,,,10,9:37,0,0,,0,0,,,,,,
488,Brock,McGinn,LW,2022-23,28,TOT,NHL,75,12,7,19,-6,21,10,0,2,3,7,0,0,91,13.2,,978,13:02,4,10,28.6,43,84,,,,,,
489,Dylan,McIlrath,D,2022-23,30,WSH,NHL,6,0,1,1,-6,7,0,0,0,0,1,0,0,1,0.0,,70,11:41,0,0,,7,14,,,,,,
490,Roland,McKeown,D,2022-23,27,NSH,NHL,6,0,0,0,1,8,0,0,0,0,0,0,0,3,0.0,,78,12:59,0,0,,6,4,,,,,,
491,Hunter,McKown,F,2022-23,20,CBJ,NHL,12,0,2,2,-4,8,0,0,0,0,2,0,0,13,0.0,,147,12:14,48,39,55.2,5,12,,,,,,
492,Marc,McLaughlin,F,2022-23,23,BOS,NHL,2,0,0,0,-1,2,0,0,0,0,0,0,0,3,0.0,,20,10:04,6,5,54.5,0,2,,,,,,
493,Michael,McLeod,C,2022-23,24,NJD,NHL,80,4,22,26,6,43,4,0,0,1,21,0,1,90,4.4,,980,12:15,587,381,60.6,51,127,,,,,,
494,Bobby,McMann,F,2022-23,26,TOR,NHL,10,0,1,1,-2,2,0,0,0,0,1,0,0,18,0.0,,106,10:34,1,1,50.0,0,17,,,,,,
495,Connor,McMichael,C,2022-23,22,WSH,NHL,6,0,0,0,0,5,0,0,0,0,0,0,0,2,0.0,,53,8:52,2,1,66.7,3,2,,,,,,
496,Brayden,McNabb,D,2022-23,32,VEG,NHL,82,1,16,17,17,51,1,0,0,0,14,0,2,89,1.1,,1627,19:51,0,0,,197,201,,,,,,
497,Mason,McTavish,C,2022-23,20,ANA,NHL,80,17,26,43,-19,44,10,7,0,1,19,7,0,161,10.6,,1230,15:22,307,418,42.3,37,55,,,,,,
498,Cole,McWard,D,2022-23,21,VAN,NHL,5,1,0,1,0,0,1,0,0,0,0,0,0,6,16.7,,71,14:13,0,0,,6,5,,,,,,
499,Jaycob,Megna,D,2022-23,30,TOT,NHL,54,1,11,12,3,21,1,0,0,0,10,0,1,56,1.8,,1019,18:52,0,0,,66,86,,,,,,
500,Jayson,Megna,C,2022-23,32,TOT,NHL,55,2,6,8,-21,6,2,0,0,0,6,0,0,36,5.6,,550,10:00,146,133,52.3,23,47,,,,,,
501,Timo,Meier,RW,2022-23,26,TOT,NHL,78,40,26,66,-19,43,23,17,0,5,20,6,0,327,12.2,,1512,19:23,21,36,36.8,37,154,,,,,,
502,Dawson,Mercer,C,2022-23,21,NJD,NHL,82,27,29,56,22,14,24,2,1,6,20,8,1,161,16.8,,1358,16:34,70,95,42.4,63,36,,,,,,
503,Dakota,Mermis,D,2022-23,29,MIN,NHL,2,0,0,0,-1,0,0,0,0,0,0,0,0,1,0.0,,29,14:28,0,0,,3,2,,,,,,
504,Jonathon,Merrill,D,2022-23,30,MIN,NHL,73,2,10,12,-2,38,2,0,0,0,10,0,0,43,4.7,,1106,15:09,0,0,,107,47,,,,,,
505,Ben,Meyers,F,2022-23,24,COL,NHL,39,4,0,4,-6,6,4,0,0,0,0,0,0,33,12.1,,374,9:36,96,91,51.3,13,25,,,,,,
506,Jacob,Middleton,D,2022-23,27,MIN,NHL,79,3,12,15,15,72,3,0,0,0,11,0,1,79,3.8,,1504,19:02,0,0,,155,115,,,,,,
507,Niko,Mikkola,D,2022-23,26,TOT,NHL,81,1,5,6,6,58,1,0,0,0,5,0,0,62,1.6,,1412,17:26,0,0,,106,151,,,,,,
508,Sonny,Milano,LW,2022-23,26,WSH,NHL,64,11,22,33,-5,18,10,1,0,3,18,4,0,80,13.8,,826,12:54,0,0,,15,39,,,,,,
509,Colin,Miller,D,2022-23,30,DAL,NHL,79,6,15,21,23,37,5,1,0,3,15,0,0,106,5.7,,1325,16:46,0,0,,70,108,,,,,,
510,J.T.,Miller,C,2022-23,29,VAN,NHL,81,32,50,82,-7,60,16,11,5,3,27,19,4,223,14.3,,1675,20:41,487,399,55.0,51,200,,,,,,
511,K'Andre,Miller,D,2022-23,23,NYR,NHL,79,9,34,43,12,47,9,0,0,2,29,3,2,113,8.0,,1734,21:57,0,0,,105,162,,,,,,
512,Ian,Mitchell,D,2022-23,24,CHI,NHL,35,1,7,8,-8,8,1,0,0,0,6,1,0,25,4.0,,554,15:50,0,0,,37,16,,,,,,
513,Casey,Mittelstadt,C,2022-23,24,BUF,NHL,82,15,44,59,-8,22,10,4,1,2,32,12,0,135,11.1,,1290,15:44,338,398,45.9,16,30,,,,,,
514,Sean,Monahan,C,2022-23,28,MTL,NHL,25,6,11,17,-5,16,5,1,0,0,8,3,0,55,10.9,,434,17:22,177,144,55.1,8,10,,,,,,
515,Brandon,Montour,D,2022-23,28,FLA,NHL,80,16,57,73,9,107,13,3,0,5,27,30,0,242,6.6,,1930,24:08,0,0,,93,92,,,,,,
516,Josh,Morrissey,D,2022-23,27,WPG,NHL,78,16,60,76,2,41,14,2,0,6,34,26,0,172,9.3,,1890,24:14,0,0,,119,89,,,,,,
517,J.J.,Moser,D,2022-23,22,ARI,NHL,82,7,24,31,-12,35,4,3,0,1,16,8,0,93,7.5,,1726,21:03,0,0,,137,80,,,,,,
518,Jacob,Moverare,D,2022-23,24,LAK,NHL,2,0,0,0,-1,0,0,0,0,0,0,0,0,6,0.0,,30,14:58,0,0,,4,3,,,,,,
519,Connor,Murphy,D,2022-23,29,CHI,NHL,80,7,6,13,-10,69,5,0,2,0,6,0,0,85,8.2,,1551,19:23,0,0,,160,165,,,,,,
520,Philippe,Myers,D,2022-23,26,TBL,NHL,11,1,2,3,0,4,1,0,0,0,2,0,0,21,4.8,,127,11:33,0,0,,6,31,,,,,,
521,Tyler,Myers,D,2022-23,32,VAN,NHL,78,1,16,17,-16,76,1,0,0,0,15,0,1,100,1.0,,1631,20:54,0,0,,144,93,,,,,,
522,Vladislav,Namestnikov,C,2022-23,30,TOT,NHL,77,8,17,25,5,35,7,1,0,0,15,2,0,108,7.4,,972,12:37,77,128,37.6,39,108,,,,,,
523,Martin,Nečas,C,2022-23,24,CAR,NHL,82,28,43,71,5,32,19,9,0,5,25,17,1,240,11.7,,1510,18:25,188,229,45.1,21,57,,,,,,
524,Brock,Nelson,C,2022-23,31,NYI,NHL,82,36,39,75,13,24,30,6,0,8,28,11,0,222,16.2,,1512,18:26,490,547,47.3,43,50,,,,,,
525,Patrik,Nemeth,D,2022-23,30,ARI,NHL,75,0,5,5,-7,30,0,0,0,0,5,0,0,62,0.0,,1333,17:46,0,0,,118,116,,,,,,
526,Nikita,Nesterenko,C,2022-23,21,ANA,NHL,9,1,0,1,-3,0,1,0,0,0,0,0,0,23,4.3,,120,13:17,0,3,0.0,1,6,,,,,,
527,Alex,Newhook,C,2022-23,22,COL,NHL,82,14,16,30,0,22,13,1,0,3,15,1,0,116,12.1,,1144,13:57,208,295,41.4,26,60,,,,,,
528,Nino,Niederreiter,RW,2022-23,30,TOT,NHL,78,24,17,41,-13,22,20,4,0,2,14,3,0,181,13.3,,1270,16:17,8,5,61.5,33,165,,,,,,
529,Markus,Niemeläinen,D,2022-23,24,EDM,NHL,23,0,0,0,3,4,0,0,0,0,0,0,0,16,0.0,,231,10:02,0,0,,16,61,,,,,,
530,Matthew,Nieto,LW,2022-23,30,TOT,NHL,81,12,12,24,-15,16,12,0,0,2,11,1,0,115,10.4,,1096,13:31,9,9,50.0,32,43,,,,,,
531,Stefan,Noesen,RW,2022-23,29,CAR,NHL,78,13,23,36,11,32,6,7,0,4,15,8,0,134,9.7,,962,12:20,53,55,49.1,18,99,,,,,,
532,Joshua,Norris,C,2022-23,23,OTT,NHL,8,2,1,3,-1,6,2,0,0,0,1,0,0,15,13.3,,144,17:59,33,24,57.9,6,7,,,,,,
533,Tomáš,Nosek,C,2022-23,30,BOS,NHL,66,7,11,18,9,48,5,0,2,1,11,0,0,69,10.1,,828,12:33,354,243,59.3,31,69,,,,,,
534,Thomas,Novak,C,2022-23,25,NSH,NHL,51,17,26,43,5,8,12,5,0,3,19,7,0,93,18.3,,747,14:39,179,223,44.5,23,9,,,,,,
535,Ryan,Nugent-Hopkins,C,2022-23,29,EDM,NHL,82,37,67,104,12,35,21,15,1,3,26,38,3,201,18.4,,1624,19:48,308,374,45.2,26,48,,,,,,
536,Darnell,Nurse,D,2022-23,27,EDM,NHL,82,12,31,43,26,64,10,0,2,4,29,1,1,203,5.9,,1927,23:30,0,0,,164,146,,,,,,
537,Alexander,Nylander,LW,2022-23,24,PIT,NHL,9,1,1,2,1,6,1,0,0,0,1,0,0,11,9.1,,111,12:18,1,1,50.0,3,12,,,,,,
538,William,Nylander,C,2022-23,26,TOR,NHL,82,40,47,87,10,28,31,9,0,5,28,19,0,293,13.7,,1520,18:33,25,34,42.4,26,18,,,,,,
539,Liam,O'Brien,C,2022-23,28,ARI,NHL,56,3,8,11,-5,114,3,0,0,0,8,0,0,39,7.7,,640,11:26,4,11,26.7,28,203,,,,,,
540,Drew,O'Connor,F,2022-23,24,PIT,NHL,46,5,6,11,-3,12,5,0,0,0,6,0,0,62,8.1,,452,9:49,18,21,46.2,14,63,,,,,,
541,Logan,O'Connor,RW,2022-23,26,COL,NHL,82,9,17,26,11,37,7,0,2,0,16,0,1,104,8.7,,1165,14:12,2,10,16.7,50,116,,,,,,
542,Ryan,O'Reilly,C,2022-23,31,TOT,NHL,53,16,14,30,-21,16,14,1,1,4,10,4,0,102,15.7,,951,17:56,499,396,55.8,23,18,,,,,,
543,Jordan,Oesterle,D,2022-23,30,DET,NHL,52,2,9,11,-9,19,2,0,0,0,9,0,0,54,3.7,,814,15:39,0,0,,68,41,,,,,,
544,Nikita,Okhotyuk,D,2022-23,22,NJD,NHL,10,1,0,1,1,2,1,0,0,1,0,0,0,6,16.7,,117,11:44,0,0,,9,31,,,,,,
545,Kyle,Okposo,RW,2022-23,34,BUF,NHL,75,11,17,28,-7,34,9,1,1,3,14,3,0,150,7.3,,1100,14:40,164,186,46.9,25,78,,,,,,
546,Oskar,Olausson,RW,2022-23,20,COL,NHL,1,0,0,0,0,0,0,0,0,0,0,0,0,0,,,7,7:02,0,0,,0,0,,,,,,
547,Jamie,Oleksiak,D,2022-23,30,SEA,NHL,75,9,16,25,13,72,9,0,0,2,16,0,0,76,11.8,,1444,19:15,0,0,,115,126,,,,,,
548,Mathieu,Olivier,F,2022-23,25,CBJ,NHL,66,5,10,15,-20,81,5,0,0,1,10,0,0,75,6.7,,768,11:38,2,13,13.3,58,178,,,,,,
549,Fredrik,Olofsson,LW,2022-23,26,DAL,NHL,28,1,3,4,0,2,1,0,0,1,3,0,0,34,2.9,,286,10:12,3,5,37.5,8,32,,,,,,
550,Gustav,Olofsson,D,2022-23,28,SEA,NHL,3,0,0,0,1,0,0,0,0,0,0,0,0,6,0.0,,39,12:56,0,0,,4,2,,,,,,
551,Victor,Olofsson,RW,2022-23,27,BUF,NHL,75,28,12,40,-23,4,21,7,0,5,7,5,0,161,17.4,,1077,14:21,1,5,16.7,15,16,,,,,,
552,T.J.,Oshie,C,2022-23,36,WSH,NHL,58,19,16,35,-18,59,10,9,0,2,14,2,0,126,15.1,,970,16:43,83,97,46.1,34,125,,,,,,
553,Alex,Ovechkin,LW,2022-23,37,WSH,NHL,73,42,33,75,-16,48,28,14,0,3,22,11,0,294,14.3,,1475,20:12,4,5,44.4,23,188,,,,,,
554,Brayden,Pachal,D,2022-23,23,VEG,NHL,10,0,2,2,2,8,0,0,0,0,2,0,0,18,0.0,,166,16:37,0,0,,12,27,,,,,,
555,Ondřej,Palát,LW,2022-23,31,NJD,NHL,49,8,15,23,5,6,7,1,0,1,13,2,0,79,10.1,,761,15:32,0,9,0.0,44,70,,,,,,
556,Artemi,Panarin,LW,2022-23,31,NYR,NHL,82,29,63,92,4,36,20,9,0,4,36,27,0,204,14.2,,1608,19:36,6,13,31.6,11,26,,,,,,
557,Colton,Parayko,D,2022-23,29,STL,NHL,79,4,23,27,-19,30,4,0,0,1,20,2,1,133,3.0,,1817,23:00,0,0,,144,115,,,,,,
558,Zach,Parise,LW,2022-23,38,NYI,NHL,82,21,13,34,7,24,16,3,2,2,11,1,1,182,11.5,,1324,16:09,11,18,37.9,83,89,,,,,,
559,Juuso,Pärssinen,C,2022-23,21,NSH,NHL,45,6,19,25,-1,15,5,1,0,3,12,7,0,49,12.2,,645,14:20,156,155,50.2,18,76,,,,,,
560,David,Pastrňák,RW,2022-23,26,BOS,NHL,82,61,52,113,34,38,43,18,0,13,33,19,0,407,15.0,,1604,19:34,8,11,42.1,33,91,,,,,,
561,Nick,Paul,LW,2022-23,27,TBL,NHL,80,17,15,32,11,33,12,4,1,4,15,0,0,120,14.2,,1293,16:10,495,426,53.7,46,111,,,,,,
562,Joe,Pavelski,C,2022-23,38,DAL,NHL,82,28,49,77,42,8,15,13,0,2,34,14,1,184,15.2,,1453,17:43,368,321,53.4,64,93,,,,,,
563,Lane,Pederson,F,2022-23,25,TOT,NHL,27,3,3,6,-1,26,3,0,0,0,3,0,0,27,11.1,,322,11:56,77,73,51.3,11,68,,,,,,
564,Andrew,Peeke,D,2022-23,24,CBJ,NHL,80,6,7,13,-41,22,6,0,0,1,6,0,1,90,6.7,,1700,21:15,0,0,,197,180,,,,,,
565,Jakob,Pelletier,LW,2022-23,21,CGY,NHL,24,3,4,7,-5,2,1,2,0,1,3,1,0,48,6.3,,340,14:11,2,6,25.0,14,15,,,,,,
566,Nicklaus,Perbix,D,2022-23,24,TBL,NHL,69,5,15,20,11,22,5,0,0,2,15,0,0,111,4.5,,1062,15:24,0,0,,65,73,,,,,,
567,David,Perron,LW,2022-23,34,DET,NHL,82,24,32,56,-7,52,18,6,0,3,16,16,0,195,12.3,,1387,16:55,2,9,18.2,24,107,,,,,,
568,Corey,Perry,RW,2022-23,37,TBL,NHL,81,12,13,25,-28,95,6,6,0,3,7,6,0,116,10.3,,937,11:34,0,0,,25,48,,,,,,
569,Brett,Pesce,D,2022-23,28,CAR,NHL,82,5,25,30,11,43,4,1,0,2,20,3,2,144,3.5,,1805,22:01,0,0,,110,37,,,,,,
570,Nic,Petan,C,2022-23,27,MIN,NHL,10,1,2,3,0,2,1,0,0,0,2,0,0,10,10.0,,116,11:36,1,2,33.3,5,4,,,,,,
571,John-Jason,Peterka,RW,2022-23,21,BUF,NHL,77,12,20,32,-15,26,10,2,0,1,17,3,0,125,9.6,,1051,13:39,5,4,55.6,10,18,,,,,,
572,Jacob,Peterson,C,2022-23,23,TOT,NHL,12,2,6,8,-12,4,0,2,0,0,6,0,0,21,9.5,,209,17:26,1,1,50.0,5,12,,,,,,
573,Elias,Pettersson,C,2022-23,24,VAN,NHL,80,39,63,102,16,14,28,6,5,6,40,19,4,257,15.2,,1644,20:33,442,555,44.3,89,74,,,,,,
574,Michael,Pezzetta,C,2022-23,24,MTL,NHL,63,7,8,15,-4,77,7,0,0,0,7,1,0,70,10.0,,587,9:19,8,12,40.0,28,239,,,,,,
575,Isaak,Phillips,D,2022-23,21,CHI,NHL,16,1,4,5,-10,5,1,0,0,0,4,0,0,16,6.3,,247,15:28,0,0,,6,27,,,,,,
576,Matthew,Phillips,F,2022-23,24,CGY,NHL,2,0,0,0,0,2,0,0,0,0,0,0,0,1,0.0,,18,9:02,0,0,,0,0,,,,,,
577,Luke,Philp,F,2022-23,27,CHI,NHL,3,0,1,1,0,2,0,0,0,0,1,0,0,0,,,35,11:41,1,3,25.0,0,4,,,,,,
578,Alex,Pietrangelo,D,2022-23,33,VEG,NHL,73,11,43,54,13,16,10,1,0,3,28,13,2,170,6.5,,1751,23:59,1,0,100.0,177,65,,,,,,
579,Lawrence,Pilut,D,2022-23,27,BUF,NHL,17,1,2,3,-4,0,1,0,0,1,2,0,0,14,7.1,,218,12:48,0,0,,16,6,,,,,,
580,Shane,Pinto,C,2022-23,22,OTT,NHL,82,20,15,35,-21,18,15,5,0,2,11,4,0,158,12.7,,1310,15:59,449,413,52.1,49,71,,,,,,
581,Neal,Pionk,D,2022-23,27,WPG,NHL,82,10,23,33,-12,44,9,1,0,2,20,2,1,142,7.0,,1799,21:56,0,0,,129,169,,,,,,
582,Rem,Pitlick,C,2022-23,25,MTL,NHL,46,6,9,15,-15,22,5,1,0,1,8,0,1,30,20.0,,594,12:55,25,33,43.1,18,23,,,,,,
583,Tyler,Pitlick,C,2022-23,31,STL,NHL,61,7,9,16,-1,14,7,0,0,0,9,0,0,54,13.0,,615,10:05,2,2,50.0,29,103,,,,,,
584,Vasily,Podkolzin,RW,2022-23,21,VAN,NHL,39,4,3,7,-5,9,4,0,0,0,3,0,0,41,9.8,,462,11:50,7,9,43.8,15,52,,,,,,
585,Brayden,Point,C,2022-23,26,TBL,NHL,82,51,44,95,2,7,31,20,0,9,34,10,0,235,21.7,,1613,19:40,417,405,50.7,37,37,,,,,,
586,Samuel,Poulin,RW,2022-23,21,PIT,NHL,3,0,1,1,-3,2,0,0,0,0,0,1,0,2,0.0,,30,9:58,8,9,47.1,1,3,,,,,,
587,Derrick,Pouliot,D,2022-23,29,SJS,NHL,8,0,2,2,-1,6,0,0,0,0,2,0,0,4,0.0,,136,16:57,0,0,,9,10,,,,,,
588,Owen,Power,D,2022-23,20,BUF,NHL,79,4,31,35,10,24,4,0,0,1,22,8,1,130,3.1,,1880,23:48,0,0,,86,27,,,,,,
589,Aliaksei,Protas,C,2022-23,22,WSH,NHL,58,4,11,15,-8,12,4,0,0,0,11,0,0,83,4.8,,668,11:31,21,43,32.8,15,39,,,,,,
590,Ivan,Provorov,D,2022-23,26,PHI,NHL,82,6,21,27,-17,24,6,0,0,1,17,2,2,115,5.2,,1888,23:01,0,0,,162,97,,,,,,
591,Jesse,Puljujärvi,RW,2022-23,24,TOT,NHL,75,5,11,16,-13,32,5,0,0,1,11,0,0,125,4.0,,917,12:14,0,2,0.0,26,139,,,,,,
592,Ryan,Pulock,D,2022-23,28,NYI,NHL,82,5,21,26,10,14,4,1,0,1,17,4,0,126,4.0,,1714,20:54,0,0,,128,140,,,,,,
593,Mikael,Pyyhtia,LW,2022-23,21,CBJ,NHL,2,0,1,1,-2,2,0,0,0,0,0,1,0,2,0.0,,27,13:32,0,0,,2,0,,,,,,
594,Jack,Quinn,RW,2022-23,21,BUF,NHL,75,14,23,37,-7,15,13,1,0,2,17,5,1,126,11.1,,1039,13:51,11,22,33.3,19,43,,,,,,
595,Darren,Raddysh,D,2022-23,26,TBL,NHL,17,1,2,3,-4,4,1,0,0,0,2,0,0,25,4.0,,280,16:29,0,0,,16,25,,,,,,
596,Taylor,Raddysh,RW,2022-23,24,CHI,NHL,78,20,17,37,-28,16,13,7,0,1,9,8,0,129,15.5,,1292,16:34,10,9,52.6,38,82,,,,,,
597,Rickard,Rakell,RW,2022-23,29,PIT,NHL,82,28,32,60,-5,16,17,11,0,2,22,10,0,243,11.5,,1512,18:26,10,11,47.6,53,141,,,,,,
598,Sampo,Ranta,LW,2022-23,22,COL,NHL,6,0,0,0,0,4,0,0,0,0,0,0,0,5,0.0,,44,7:21,0,1,0.0,3,10,,,,,,
599,Mikko,Rantanen,RW,2022-23,26,COL,NHL,82,55,50,105,15,82,42,13,0,9,26,24,0,306,18.0,,1822,22:13,222,231,49.0,41,77,,,,,,
600,Adam,Raška,RW,2022-23,21,SJS,NHL,3,0,0,0,0,0,0,0,0,0,0,0,0,1,0.0,,36,11:55,0,1,0.0,2,13,,,,,,
601,Jack,Rathbone,D,2022-23,23,VAN,NHL,11,1,1,2,-1,2,1,0,0,0,1,0,0,12,8.3,,157,14:14,0,0,,7,7,,,,,,
602,Aatu,Räty,C,2022-23,20,TOT,NHL,15,2,1,3,0,4,2,0,0,0,1,0,0,16,12.5,,126,8:23,45,38,54.2,5,19,,,,,,
603,Ryan,Reaves,RW,2022-23,36,TOT,NHL,73,5,10,15,-6,43,5,0,0,0,10,0,0,48,10.4,,680,9:19,4,11,26.7,24,196,,,,,,
604,Pavol,Regenda,F,2022-23,23,ANA,NHL,14,1,2,3,-3,4,1,0,0,0,2,0,0,17,5.9,,148,10:33,1,1,50.0,13,8,,,,,,
605,Alec,Regula,D,2022-23,22,CHI,NHL,4,0,0,0,-3,4,0,0,0,0,0,0,0,2,0.0,,66,16:36,0,0,,8,4,,,,,,
606,Kristian,Reichel,F,2022-23,24,WPG,NHL,2,0,1,1,0,0,0,0,0,0,1,0,0,1,0.0,,21,10:34,0,0,,0,2,,,,,,
607,Lukas,Reichel,LW,2022-23,20,CHI,NHL,23,7,8,15,-8,6,7,0,0,0,5,3,0,42,16.7,,376,16:22,5,8,38.5,15,7,,,,,,
608,Mike,Reilly,D,2022-23,29,BOS,NHL,10,0,1,1,0,2,0,0,0,0,1,0,0,12,0.0,,167,16:44,0,0,,10,21,,,,,,
609,Sam,Reinhart,C,2022-23,27,FLA,NHL,82,31,36,67,-12,12,15,16,0,5,22,11,3,227,13.7,,1622,19:47,236,230,50.6,49,58,,,,,,
610,Sheldon,Rempal,RW,2022-23,27,VEG,NHL,1,0,0,0,-2,0,0,0,0,0,0,0,0,0,,,8,7:44,0,0,,0,0,,,,,,
611,Dan,Renouf,D,2022-23,28,BOS,NHL,1,0,0,0,-3,0,0,0,0,0,0,0,0,5,0.0,,12,11:34,0,0,,2,1,,,,,,
612,Anthony,Richard,C,2022-23,26,MTL,NHL,13,3,2,5,2,6,3,0,0,1,2,0,0,13,23.1,,129,9:58,1,3,25.0,3,25,,,,,,
613,Justin,Richards,F,2022-23,24,CBJ,NHL,2,0,1,1,-1,0,0,0,0,0,1,0,0,0,,,22,10:48,5,8,38.5,0,4,,,,,,
614,Nick,Ritchie,LW,2022-23,27,TOT,NHL,74,13,13,26,-21,53,9,4,0,2,7,6,0,120,10.8,,1003,13:33,2,10,16.7,32,218,,,,,,
615,Jason,Robertson,LW,2022-23,23,DAL,NHL,82,46,63,109,37,20,33,13,0,7,35,28,0,313,14.7,,1545,18:50,0,1,0.0,19,57,,,,,,
616,Tristen,Robins,RW,2022-23,21,SJS,NHL,3,0,0,0,-1,0,0,0,0,0,0,0,0,2,0.0,,41,13:43,13,17,43.3,3,2,,,,,,
617,Buddy,Robinson,RW,2022-23,31,CHI,NHL,9,1,2,3,1,4,1,0,0,0,2,0,0,13,7.7,,106,11:46,1,4,20.0,3,15,,,,,,
618,Evan,Rodrigues,C,2022-23,29,COL,NHL,69,16,23,39,7,30,10,6,0,2,18,5,0,184,8.7,,1232,17:51,119,122,49.4,27,34,,,,,,
619,Alexander,Romanov,D,2022-23,23,NYI,NHL,76,2,20,22,13,43,2,0,0,0,19,0,1,100,2.0,,1478,19:27,0,0,,129,198,,,,,,
620,Kevin,Rooney,C,2022-23,29,CGY,NHL,17,0,1,1,-2,7,0,0,0,0,1,0,0,14,0.0,,151,8:52,44,61,41.9,10,26,,,,,,
621,Filip,Roos,D,2022-23,24,CHI,NHL,17,1,2,3,-5,4,1,0,0,0,2,0,0,19,5.3,,276,16:13,0,0,,20,14,,,,,,
622,Calle,Rosén,D,2022-23,28,STL,NHL,49,8,10,18,19,8,8,0,0,2,10,0,0,62,12.9,,764,15:36,0,0,,51,16,,,,,,
623,Jack,Roslovic,C,2022-23,26,CBJ,NHL,77,11,33,44,-14,10,7,2,2,2,25,7,1,123,8.9,,1266,16:27,400,489,45.0,53,42,,,,,,
624,Marco,Rossi,C,2022-23,21,MIN,NHL,19,0,1,1,-7,8,0,0,0,0,1,0,0,13,0.0,,238,12:31,69,77,47.3,9,6,,,,,,
625,Lukáš,Rousek,RW,2022-23,23,BUF,NHL,2,1,1,2,2,0,1,0,0,0,1,0,0,3,33.3,,23,11:19,0,1,0.0,1,0,,,,,,
626,Matt,Roy,D,2022-23,27,LAK,NHL,82,9,17,26,8,22,8,0,1,2,16,0,1,135,6.7,,1540,18:47,0,0,,153,119,,,,,,
627,Nicolas,Roy,C,2022-23,25,VEG,NHL,65,14,16,30,10,24,11,3,0,5,12,3,1,101,13.9,,1059,16:18,369,399,48.0,41,83,,,,,,
628,Chad,Ruhwedel,D,2022-23,32,PIT,NHL,47,1,4,5,-4,18,1,0,0,0,4,0,0,36,2.8,,685,14:34,0,0,,51,90,,,,,,
629,Bryan,Rust,RW,2022-23,30,PIT,NHL,81,20,26,46,-4,31,18,2,0,2,16,9,1,211,9.5,,1450,17:54,5,5,50.0,50,98,,,,,,
630,Jan,Rutta,D,2022-23,32,PIT,NHL,56,3,6,9,3,30,3,0,0,0,6,0,0,64,4.7,,959,17:07,0,0,,70,71,,,,,,
631,Adam,Ružička,C,2022-23,23,CGY,NHL,44,6,14,20,-1,8,4,2,0,2,10,4,0,64,9.4,,509,11:35,83,91,47.7,8,28,,,,,,
632,Derek,Ryan,C,2022-23,36,EDM,NHL,80,13,7,20,11,28,11,0,2,0,6,0,1,92,14.1,,893,11:10,217,217,50.0,42,54,,,,,,
633,Jonas,Røndbjerg,RW,2022-23,23,VEG,NHL,13,0,1,1,-5,4,0,0,0,0,1,0,0,15,0.0,,132,10:10,1,2,33.3,7,2,,,,,,
634,Robin,Salo,D,2022-23,24,NYI,NHL,11,2,2,4,1,4,2,0,0,0,2,0,0,9,22.2,,123,11:11,0,0,,13,6,,,,,,
635,Dylan,Samberg,D,2022-23,24,WPG,NHL,63,2,6,8,10,25,2,0,0,0,5,0,1,49,4.1,,940,14:56,0,0,,93,91,,,,,,
636,Dmitri,Samorukov,D,2022-23,23,STL,NHL,2,0,0,0,-1,2,0,0,0,0,0,0,0,1,0.0,,30,14:53,0,0,,2,0,,,,,,
637,Mattias,Samuelsson,D,2022-23,22,BUF,NHL,55,2,8,10,14,20,2,0,0,0,7,0,1,76,2.6,,1220,22:11,0,0,,91,107,,,,,,
638,Zach,Sanford,LW,2022-23,28,NSH,NHL,16,2,1,3,-3,4,2,0,0,1,1,0,0,20,10.0,,216,13:29,2,11,15.4,21,21,,,,,,
639,Travis,Sanheim,D,2022-23,26,PHI,NHL,81,7,16,23,-5,40,6,0,1,1,15,1,0,111,6.3,,1653,20:24,0,0,,137,61,,,,,,
640,Steven,Santini,D,2022-23,27,STL,NHL,4,0,1,1,0,2,0,0,0,0,1,0,0,5,0.0,,50,12:31,0,0,,10,6,,,,,,
641,David,Savard,D,2022-23,32,MTL,NHL,62,3,17,20,-14,40,3,0,0,1,16,0,1,63,4.8,,1388,22:23,0,0,,176,61,,,,,,
642,Mark,Scheifele,C,2022-23,29,WPG,NHL,81,42,26,68,-16,43,30,12,0,10,16,10,0,206,20.4,,1659,20:29,579,628,48.0,38,50,,,,,,
643,Brayden,Schenn,C,2022-23,31,STL,NHL,82,21,44,65,-27,50,15,6,0,3,35,9,0,144,14.6,,1511,18:26,472,542,46.5,41,140,,,,,,
644,Luke,Schenn,D,2022-23,33,TOT,NHL,70,4,18,22,8,84,4,0,0,0,16,0,2,81,4.9,,1145,16:21,0,0,,98,318,,,,,,
645,Nick,Schmaltz,C,2022-23,26,ARI,NHL,63,22,36,58,4,20,16,6,0,2,29,6,1,132,16.7,,1242,19:43,40,60,40.0,28,12,,,,,,
646,Braden,Schneider,D,2022-23,21,NYR,NHL,81,5,13,18,9,16,5,0,0,1,13,0,0,79,6.3,,1273,15:43,0,0,,130,147,,,,,,
647,Corey,Schueneman,D,2022-23,27,MTL,NHL,7,0,1,1,1,0,0,0,0,0,1,0,0,8,0.0,,103,14:42,0,0,,12,4,,,,,,
648,Justin,Schultz,D,2022-23,32,SEA,NHL,73,7,27,34,4,40,6,1,0,4,15,12,0,98,7.1,,1299,17:47,0,0,,72,30,,,,,,
649,Jaden,Schwartz,C,2022-23,30,SEA,NHL,71,21,19,40,-17,22,15,6,0,2,17,2,0,167,12.6,,1237,17:25,73,84,46.5,25,55,,,,,,
650,Lukáš,Sedlák,C,2022-23,29,TOT,NHL,30,3,5,8,4,12,3,0,0,0,4,0,1,44,6.8,,366,12:12,88,102,46.3,31,58,,,,,,
651,Nick,Seeler,D,2022-23,29,PHI,NHL,77,4,10,14,1,56,4,0,0,0,9,0,1,84,4.8,,1116,14:29,0,0,,161,126,,,,,,
652,Tyler,Seguin,C,2022-23,31,DAL,NHL,76,21,29,50,3,24,13,7,1,3,24,4,1,189,11.1,,1263,16:37,476,394,54.7,23,84,,,,,,
653,Moritz,Seider,D,2022-23,21,DET,NHL,82,5,37,42,-11,40,3,1,1,1,22,14,1,140,3.6,,1898,23:09,0,0,,190,207,,,,,,
654,Brett,Seney,LW,2022-23,26,CHI,NHL,7,1,0,1,-2,2,1,0,0,0,0,0,0,9,11.1,,92,13:08,5,8,38.5,4,11,,,,,,
655,Mikhail,Sergachev,D,2022-23,24,TBL,NHL,79,10,54,64,13,53,7,3,0,2,29,24,1,156,6.4,,1881,23:49,0,0,,149,128,,,,,,
656,Damon,Severson,D,2022-23,28,NJD,NHL,81,7,26,33,9,38,5,1,1,2,23,3,0,102,6.9,,1616,19:57,0,0,,115,44,,,,,,
657,Yegor,Sharangovich,C,2022-23,24,NJD,NHL,75,13,17,30,-3,16,11,0,2,2,15,0,2,131,9.9,,1081,14:25,26,53,32.9,41,22,,,,,,
658,Kevin,Shattenkirk,D,2022-23,34,ANA,NHL,75,4,23,27,-20,56,3,1,0,0,16,7,0,145,2.8,,1448,19:18,0,0,,115,79,,,,,,
659,Mason,Shaw,C,2022-23,24,MIN,NHL,59,7,10,17,-1,79,7,0,0,0,8,0,2,92,7.6,,666,11:17,15,13,53.6,27,87,,,,,,
660,Riley,Sheahan,C,2022-23,31,BUF,NHL,2,0,0,0,-2,4,0,0,0,0,0,0,0,0,,,17,8:19,7,3,70.0,1,0,,,,,,
661,Conor,Sheary,LW,2022-23,30,WSH,NHL,82,15,22,37,9,22,11,2,2,1,17,5,0,154,9.7,,1293,15:46,20,19,51.3,39,57,,,,,,
662,Kiefer,Sherwood,RW,2022-23,27,NSH,NHL,32,7,6,13,4,30,6,1,0,0,5,1,0,57,12.3,,435,13:36,6,4,60.0,15,103,,,,,,
663,Devin,Shore,C,2022-23,28,EDM,NHL,47,1,8,9,6,4,1,0,0,0,8,0,0,33,3.0,,421,8:58,89,86,50.9,24,46,,,,,,
664,Jonas,Siegenthaler,D,2022-23,25,NJD,NHL,80,4,17,21,27,44,3,1,0,1,17,0,0,84,4.8,,1612,20:09,0,0,,151,101,,,,,,
665,Jakob,Silfverberg,LW,2022-23,32,ANA,NHL,81,10,16,26,-20,32,6,4,0,2,13,3,0,141,7.1,,1230,15:11,18,34,34.6,51,10,,,,,,
666,Radim,Šimek,D,2022-23,30,SJS,NHL,44,1,2,3,-13,29,1,0,0,0,2,0,0,39,2.6,,643,14:37,0,0,,74,89,,,,,,
667,Wayne,Simmonds,RW,2022-23,34,TOR,NHL,18,0,2,2,1,49,0,0,0,0,2,0,0,9,0.0,,134,7:27,4,0,100.0,7,44,,,,,,
668,Colton,Sissons,C,2022-23,29,NSH,NHL,82,12,18,30,-4,20,11,0,1,1,16,2,0,87,13.8,,1298,15:50,593,515,53.5,72,164,,,,,,
669,Jeff,Skinner,LW,2022-23,30,BUF,NHL,79,35,47,82,15,39,27,8,0,3,34,13,0,242,14.5,,1374,17:24,142,158,47.3,14,21,,,,,,
670,Brady,Skjei,D,2022-23,28,CAR,NHL,81,18,20,38,7,40,13,4,1,3,17,3,0,188,9.6,,1766,21:49,0,0,,62,71,,,,,,
671,Jaccob,Slavin,D,2022-23,28,CAR,NHL,76,7,20,27,18,8,7,0,0,1,19,0,1,131,5.3,,1671,22:00,0,0,,103,36,,,,,,
672,Brendan,Smith,D,2022-23,33,NJD,NHL,60,0,5,5,3,63,0,0,0,0,4,0,1,58,0.0,,933,15:33,0,0,,76,102,,,,,,
673,Cole,Smith,F,2022-23,27,NSH,NHL,69,4,13,17,-3,60,4,0,0,1,11,0,2,64,6.3,,879,12:45,0,5,0.0,25,198,,,,,,
674,Craig,Smith,C,2022-23,33,TOT,NHL,64,9,7,16,5,18,9,0,0,2,6,1,0,104,8.7,,704,11:00,2,7,22.2,21,48,,,,,,
675,Nathan,Smith,C,2022-23,24,ARI,NHL,4,0,0,0,-1,4,0,0,0,0,0,0,0,2,0.0,,30,7:27,9,11,45.0,3,6,,,,,,
676,Reilly,Smith,RW,2022-23,31,VEG,NHL,78,26,30,56,11,16,16,6,4,4,26,4,0,180,14.4,,1324,16:58,4,3,57.1,32,69,,,,,,
677,Ty,Smith,D,2022-23,22,PIT,NHL,9,1,3,4,3,4,1,0,0,0,0,3,0,27,3.7,,182,20:12,0,0,,4,19,,,,,,
678,Joe,Snively,F,2022-23,27,WSH,NHL,12,2,2,4,3,0,2,0,0,0,2,0,0,16,12.5,,151,12:36,2,1,66.7,6,4,,,,,,
679,Elmer,Söderblom,RW,2022-23,21,DET,NHL,21,5,3,8,0,8,5,0,0,2,3,0,0,30,16.7,,254,12:04,1,3,25.0,11,21,,,,,,
680,Victor,Söderström,D,2022-23,21,ARI,NHL,30,0,9,9,-3,24,0,0,0,0,6,3,0,31,0.0,,485,16:10,0,0,,39,17,,,,,,
681,Egor,Sokolov,F,2022-23,22,OTT,NHL,5,1,1,2,2,0,1,0,0,1,1,0,0,5,20.0,,35,7:02,0,0,,2,5,,,,,,
682,Nikita,Soshnikov,RW,2022-23,29,NYI,NHL,3,0,0,0,-2,0,0,0,0,0,0,0,0,4,0.0,,30,9:56,0,1,0.0,0,8,,,,,,
683,Carson,Soucy,D,2022-23,28,SEA,NHL,78,3,13,16,18,68,3,0,0,0,11,0,2,87,3.4,,1271,16:18,0,0,,96,143,,,,,,
684,Jordan,Spence,D,2022-23,21,LAK,NHL,6,0,1,1,1,0,0,0,0,0,1,0,0,6,0.0,,84,14:00,0,0,,3,3,,,,,,
685,Daniel,Sprong,RW,2022-23,25,SEA,NHL,66,21,25,46,13,14,15,6,0,3,17,8,0,147,14.3,,754,11:25,2,3,40.0,17,33,,,,,,
686,Jared,Spurgeon,D,2022-23,33,MIN,NHL,79,11,23,34,32,14,10,1,0,3,19,3,1,149,7.4,,1723,21:49,0,0,,179,66,,,,,,
687,Jordan,Staal,C,2022-23,34,CAR,NHL,81,17,17,34,7,32,16,0,1,3,16,0,1,124,13.7,,1318,16:16,821,653,55.7,39,155,,,,,,
688,Marc,Staal,D,2022-23,36,FLA,NHL,82,3,12,15,10,43,3,0,0,0,12,0,0,55,5.5,,1492,18:12,0,0,,122,152,,,,,,
689,Steven,Stamkos,C,2022-23,32,TBL,NHL,81,34,50,84,-5,46,20,14,0,6,29,21,0,240,14.2,,1541,19:01,501,430,53.8,51,92,,,,,,
690,Spencer,Stastney,D,2022-23,23,NSH,NHL,8,0,2,2,5,2,0,0,0,0,1,0,1,9,0.0,,141,17:37,0,0,,9,2,,,,,,
691,Paul,Stastny,C,2022-23,37,CAR,NHL,73,9,13,22,4,16,7,2,0,3,11,2,0,80,11.3,,867,11:52,280,206,57.6,18,21,,,,,,
692,Troy,Stecher,D,2022-23,28,TOT,NHL,81,3,11,14,-6,44,3,0,0,1,11,0,0,88,3.4,,1326,16:22,0,0,,92,70,,,,,,
693,Sam,Steel,C,2022-23,24,MIN,NHL,65,10,18,28,11,18,9,0,1,2,15,3,0,85,11.8,,972,14:58,308,325,48.7,15,46,,,,,,
694,Oskar,Steen,C,2022-23,24,BOS,NHL,3,1,0,1,0,0,1,0,0,0,0,0,0,5,20.0,,27,9:09,0,1,0.0,0,3,,,,,,
695,Alex,Steeves,F,2022-23,23,TOR,NHL,3,0,0,0,-2,0,0,0,0,0,0,0,0,3,0.0,,24,7:51,0,0,,0,3,,,,,,
696,Kevin,Stenlund,C,2022-23,26,WPG,NHL,54,6,3,9,3,20,4,0,2,0,3,0,0,63,9.5,,629,11:39,280,246,53.2,28,31,,,,,,
697,Derek,Stepan,C,2022-23,32,CAR,NHL,73,5,6,11,8,8,5,0,0,0,5,0,1,98,5.1,,663,9:05,229,193,54.3,21,29,,,,,,
698,Chandler,Stephenson,C,2022-23,28,VEG,NHL,81,16,49,65,12,26,9,6,1,5,38,9,2,120,13.3,,1540,19:01,675,487,58.1,56,74,,,,,,
699,Riley,Stillman,D,2022-23,24,TOT,NHL,50,1,7,8,-13,36,1,0,0,0,7,0,0,37,2.7,,732,14:39,0,0,,44,81,,,,,,
700,Anton,Strålman,D,2022-23,36,BOS,NHL,8,0,0,0,-3,2,0,0,0,0,0,0,0,3,0.0,,123,15:22,0,0,,10,12,,,,,,
701,Austin,Strand,D,2022-23,25,ANA,NHL,5,0,0,0,-2,2,0,0,0,0,0,0,0,5,0.0,,62,12:24,0,0,,4,5,,,,,,
702,Dylan,Strome,C,2022-23,25,WSH,NHL,81,23,42,65,-4,24,20,3,0,2,24,18,0,154,14.9,,1352,16:41,528,554,48.8,43,20,,,,,,
703,Ryan,Strome,C,2022-23,29,ANA,NHL,82,15,26,41,-30,79,14,1,0,2,23,3,0,130,11.5,,1397,17:02,402,516,43.8,24,29,,,,,,
704,Marián,Studenič,RW,2022-23,24,DAL,NHL,3,0,0,0,-1,0,0,0,0,0,0,0,0,4,0.0,,26,8:41,0,0,,0,3,,,,,,
705,Nico,Sturm,C,2022-23,27,SJS,NHL,74,14,12,26,-13,23,13,0,1,1,12,0,0,119,11.8,,1090,14:44,491,389,55.8,45,100,,,,,,
706,Tim,Stützle,LW,2022-23,21,OTT,NHL,78,39,51,90,-3,54,26,10,3,3,33,18,0,228,17.1,,1659,21:16,202,284,41.6,49,114,,,,,,
707,C.J.,Suess,LW,2022-23,28,SJS,NHL,1,0,0,0,-1,2,0,0,0,0,0,0,0,0,,,6,5:50,0,1,0.0,0,1,,,,,,
708,Oskar,Sundqvist,C,2022-23,28,TOT,NHL,67,10,18,28,-4,28,7,3,0,0,13,5,0,69,14.5,,929,13:52,27,36,42.9,28,63,,,,,,
709,Pius,Suter,F,2022-23,26,DET,NHL,79,14,10,24,-3,6,12,0,2,1,10,0,0,106,13.2,,1111,14:04,214,243,46.8,37,39,,,,,,
710,Ryan,Suter,D,2022-23,38,DAL,NHL,82,3,22,25,0,26,3,0,0,1,17,4,1,92,3.3,,1671,20:23,0,0,,115,81,,,,,,
711,Nick,Suzuki,C,2022-23,23,MTL,NHL,82,26,40,66,-13,33,16,7,3,2,30,10,0,162,16.0,,1730,21:06,663,738,47.3,56,50,,,,,,
712,Evgeny,Svechnikov,LW,2022-23,26,SJS,NHL,59,8,6,14,-6,26,8,0,0,0,6,0,0,64,12.5,,634,10:45,6,6,50.0,21,100,,,,,,
713,Stanislav,Svozil,D,2022-23,20,CBJ,NHL,2,0,1,1,-3,2,0,0,0,0,0,1,0,3,0.0,,40,20:07,0,0,,1,1,,,,,,
714,Nick,Swaney,RW,2022-23,25,MIN,NHL,1,0,0,0,0,0,0,0,0,0,0,0,0,0,,,10,9:33,0,0,,0,3,,,,,,
715,Billy,Sweezey,D,2022-23,26,CBJ,NHL,9,0,1,1,-3,9,0,0,0,0,1,0,0,3,0.0,,154,17:07,0,0,,20,39,,,,,,
716,Brandon,Tanev,LW,2022-23,31,SEA,NHL,82,16,19,35,21,44,15,0,1,3,19,0,0,115,13.9,,1166,14:13,3,22,12.0,68,190,,,,,,
717,Chris,Tanev,D,2022-23,33,CGY,NHL,65,1,12,13,7,21,1,0,0,1,11,1,0,75,1.3,,1308,20:07,0,0,,130,51,,,,,,
718,Tomáš,Tatar,LW,2022-23,32,NJD,NHL,82,20,28,48,41,30,19,1,0,1,25,3,0,153,13.1,,1240,15:07,17,26,39.5,30,65,,,,,,
719,John,Tavares,C,2022-23,32,TOR,NHL,80,36,44,80,-7,34,18,18,0,9,23,21,0,277,13.0,,1413,17:39,726,519,58.3,36,112,,,,,,
720,Joel,Teasdale,F,2022-23,23,MTL,NHL,2,0,1,1,-2,0,0,0,0,0,1,0,0,1,0.0,,22,10:52,0,1,0.0,1,2,,,,,,
721,Teuvo,Teräväinen,F,2022-23,28,CAR,NHL,68,12,25,37,11,16,5,5,2,2,18,6,1,144,8.3,,1150,16:55,33,20,62.3,18,15,,,,,,
722,Robert,Thomas,C,2022-23,23,STL,NHL,73,18,47,65,-8,22,12,5,1,2,30,17,0,106,17.0,,1412,19:21,646,575,52.9,29,15,,,,,,
723,Tage,Thompson,C,2022-23,25,BUF,NHL,78,47,47,94,4,39,26,20,1,7,33,14,0,295,15.9,,1450,18:35,350,463,43.1,26,55,,,,,,
724,Tyce,Thompson,RW,2022-23,23,NJD,NHL,2,0,0,0,-1,0,0,0,0,0,0,0,0,1,0.0,,17,8:39,0,0,,2,0,,,,,,
725,Lassi,Thomson,D,2022-23,22,OTT,NHL,2,0,0,0,-2,4,0,0,0,0,0,0,0,1,0.0,,22,10:54,0,0,,0,2,,,,,,
726,Henry,Thrun,D,2022-23,21,SJS,NHL,8,0,2,2,-3,0,0,0,0,0,2,0,0,7,0.0,,159,19:52,0,0,,9,4,,,,,,
727,Chris,Tierney,C,2022-23,28,TOT,NHL,36,3,7,10,-8,6,3,0,0,0,6,0,1,19,15.8,,391,10:52,111,125,47.0,21,15,,,,,,
728,Conor,Timmins,D,2022-23,24,TOT,NHL,27,2,12,14,-1,8,2,0,0,1,8,4,0,19,10.5,,407,15:05,0,0,,18,23,,,,,,
729,Owen,Tippett,RW,2022-23,23,PHI,NHL,77,27,22,49,-17,16,19,8,0,4,18,4,0,231,11.7,,1342,17:26,19,11,63.3,69,125,,,,,,
730,Brady,Tkachuk,LW,2022-23,23,OTT,NHL,82,35,48,83,-10,126,24,11,0,6,30,18,0,347,10.1,,1528,18:38,370,395,48.4,9,242,,,,,,
731,Matthew,Tkachuk,LW,2022-23,25,FLA,NHL,79,40,69,109,29,123,26,14,0,6,46,22,1,322,12.4,,1614,20:26,13,16,44.8,31,68,,,,,,
732,Devon,Toews,D,2022-23,28,COL,NHL,80,7,43,50,39,26,6,1,0,0,37,6,0,165,4.2,,2009,25:06,0,0,,138,93,,,,,,
733,Jonathan,Toews,C,2022-23,34,CHI,NHL,53,15,16,31,-31,43,6,9,0,1,13,3,0,87,17.2,,939,17:43,594,347,63.1,23,9,,,,,,
734,Tyler,Toffoli,C,2022-23,30,CGY,NHL,82,34,39,73,16,28,24,10,0,4,24,15,0,268,12.7,,1362,16:37,7,5,58.3,14,59,,,,,,
735,Eeli,Tolvanen,RW,2022-23,23,TOT,NHL,61,18,13,31,8,14,14,4,0,4,10,3,0,116,15.5,,886,14:31,3,9,25.0,51,91,,,,,,
736,Philip,Tomasino,C,2022-23,21,NSH,NHL,31,5,13,18,5,6,1,4,0,0,11,2,0,54,9.3,,483,15:36,10,8,55.6,16,28,,,,,,
737,Dominic,Toninato,C,2022-23,28,WPG,NHL,5,0,1,1,0,2,0,0,0,0,1,0,0,7,0.0,,40,7:56,9,9,50.0,2,6,,,,,,
738,Alexey,Toropchenko,RW,2022-23,23,STL,NHL,69,10,9,19,6,12,9,0,1,0,9,0,0,86,11.6,,833,12:05,2,6,25.0,46,122,,,,,,
739,Yakov,Trenin,C,2022-23,26,NSH,NHL,77,12,12,24,-7,47,10,0,2,2,10,2,0,140,8.6,,1166,15:09,14,22,38.9,30,167,,,,,,
740,Vincent,Trocheck,C,2022-23,29,NYR,NHL,82,22,42,64,3,58,13,9,0,3,34,8,0,225,9.8,,1584,19:19,721,565,56.1,44,182,,,,,,
741,Jacob,Trouba,D,2022-23,28,NYR,NHL,82,8,22,30,7,63,5,2,1,2,18,3,1,199,4.0,,1738,21:12,0,1,0.0,196,218,,,,,,
742,Tyler,Tucker,D,2022-23,22,STL,NHL,26,1,3,4,-9,31,1,0,0,0,3,0,0,21,4.8,,381,14:39,0,0,,26,50,,,,,,
743,Riley,Tufte,LW,2022-23,24,DAL,NHL,3,0,0,0,-1,0,0,0,0,0,0,0,0,1,0.0,,24,7:57,0,0,,0,6,,,,,,
744,Alex,Turcotte,C,2022-23,21,LAK,NHL,4,0,0,0,-2,5,0,0,0,0,0,0,0,2,0.0,,28,6:59,6,8,42.9,0,1,,,,,,
745,Juuso,Välimäki,D,2022-23,24,ARI,NHL,78,4,30,34,-10,59,3,1,0,1,19,11,0,93,4.3,,1418,18:11,0,0,,98,53,,,,,,
746,James,van,LW,2022-23,33,PHI,NHL,61,12,17,29,-3,28,10,2,0,1,15,2,0,119,10.1,,937,15:21,7,7,50.0,20,18,,,,,,
747,Trevor,van,D,2022-23,31,WSH,NHL,75,7,16,23,10,15,7,0,0,0,15,1,0,97,7.2,,1430,19:04,0,0,,160,21,,,,,,
748,Frank,Vatrano,LW,2022-23,28,ANA,NHL,81,22,19,41,-29,66,17,5,0,1,15,4,0,231,9.5,,1351,16:41,7,10,41.2,75,86,,,,,,
749,Joe,Veleno,C,2022-23,23,DET,NHL,81,9,11,20,-12,30,8,1,0,1,8,3,0,85,10.6,,1035,12:47,277,374,42.5,44,152,,,,,,
750,Carter,Verhaeghe,C,2022-23,27,FLA,NHL,81,42,31,73,10,46,35,7,0,2,25,6,0,275,15.3,,1418,17:30,20,21,48.8,31,29,,,,,,
751,Jimmy,Vesey,LW,2022-23,29,NYR,NHL,81,11,14,25,13,20,10,0,1,4,14,0,0,123,8.9,,1102,13:37,4,14,22.2,40,98,,,,,,
752,Jeffrey,Viel,F,2022-23,26,SJS,NHL,4,0,0,0,0,2,0,0,0,0,0,0,0,4,0.0,,37,9:10,0,0,,2,6,,,,,,
753,Gabriel,Vilardi,C,2022-23,23,LAK,NHL,63,23,18,41,10,18,18,5,0,6,14,4,0,122,18.9,,983,15:36,52,61,46.0,33,41,,,,,,
754,Alex,Vlasic,D,2022-23,21,CHI,NHL,6,0,1,1,-1,0,0,0,0,0,1,0,0,4,0.0,,118,19:38,0,0,,9,5,,,,,,
755,Marc-Édouard,Vlasic,D,2022-23,35,SJS,NHL,78,1,17,18,-14,16,1,0,0,0,17,0,0,67,1.5,,1363,17:28,0,0,,116,45,,,,,,
756,Jakub,Voráček,RW,2022-23,33,CBJ,NHL,11,1,5,6,-7,0,0,1,0,0,5,0,0,17,5.9,,176,15:58,1,2,33.3,7,2,,,,,,
757,Jakub,Vrána,LW,2022-23,26,TOT,NHL,25,11,5,16,3,10,7,4,0,2,5,0,0,63,17.5,,364,14:33,2,5,28.6,6,14,,,,,,
758,Austin,Wagner,LW,2022-23,25,CHI,NHL,7,1,1,2,-2,0,1,0,0,1,1,0,0,13,7.7,,85,12:08,0,0,,1,19,,,,,,
759,Chris,Wagner,C,2022-23,31,BOS,NHL,1,0,0,0,0,0,0,0,0,0,0,0,0,0,,,13,12:36,1,3,25.0,1,6,,,,,,
760,Nathan,Walker,C,2022-23,28,STL,NHL,56,2,8,10,10,25,2,0,0,1,8,0,0,43,4.7,,576,10:17,95,82,53.7,35,82,,,,,,
761,Samuel,Walker,C,2022-23,23,MIN,NHL,9,1,1,2,-1,0,1,0,0,0,1,0,0,8,12.5,,95,10:36,0,0,,1,2,,,,,,
762,Sean,Walker,D,2022-23,28,LAK,NHL,70,3,10,13,-3,36,3,0,0,1,9,1,0,94,3.2,,1038,14:50,0,0,,104,77,,,,,,
763,Austin,Watson,LW,2022-23,31,OTT,NHL,75,9,2,11,-7,123,6,0,3,2,2,0,0,79,11.4,,767,10:14,7,8,46.7,61,165,,,,,,
764,MacKenzie,Weegar,D,2022-23,29,CGY,NHL,81,4,27,31,15,43,4,0,0,1,23,3,1,160,2.5,,1709,21:06,0,0,,117,186,,,,,,
765,Alexander,Wennberg,C,2022-23,28,SEA,NHL,82,13,25,38,-7,20,9,4,0,3,20,5,0,101,12.9,,1533,18:42,627,748,45.6,63,43,,,,,,
766,Zach,Werenski,D,2022-23,25,CBJ,NHL,13,3,5,8,-6,0,3,0,0,0,3,2,0,41,7.3,,307,23:36,0,0,,24,5,,,,,,
767,Colin,White,C,2022-23,26,FLA,NHL,68,8,7,15,0,12,8,0,0,0,7,0,0,64,12.5,,655,9:38,84,111,43.1,29,61,,,,,,
768,Colton,White,D,2022-23,25,ANA,NHL,46,0,6,6,-17,8,0,0,0,0,6,0,0,30,0.0,,668,14:32,0,0,,37,34,,,,,,
769,Maxwell,Willman,C,2022-23,27,PHI,NHL,9,0,0,0,-3,4,0,0,0,0,0,0,0,9,0.0,,81,8:58,0,3,0.0,6,16,,,,,,
770,Christian,Wolanin,D,2022-23,27,VAN,NHL,16,0,3,3,5,4,0,0,0,0,2,1,0,16,0.0,,252,15:45,0,0,,11,4,,,,,,
771,Miles,Wood,LW,2022-23,27,NJD,NHL,76,13,14,27,1,76,11,2,0,2,13,1,0,167,7.8,,920,12:06,1,5,16.7,19,100,,,,,,
772,Parker,Wotherspoon,D,2022-23,25,NYI,NHL,12,0,1,1,5,4,0,0,0,0,1,0,0,10,0.0,,160,13:20,0,0,,7,8,,,,,,
773,Shane,Wright,C,2022-23,19,SEA,NHL,8,1,1,2,4,2,1,0,0,0,1,0,0,4,25.0,,68,8:29,10,21,32.3,6,1,,,,,,
774,Kailer,Yamamoto,RW,2022-23,24,EDM,NHL,58,10,15,25,12,24,9,0,1,3,14,0,1,97,10.3,,962,16:35,6,7,46.2,24,77,,,,,,
775,Jesse,Ylönen,RW,2022-23,23,MTL,NHL,37,6,10,16,-11,0,5,1,0,1,10,0,0,43,14.0,,498,13:27,3,3,50.0,28,14,,,,,,
776,Cameron,York,D,2022-23,22,PHI,NHL,54,2,18,20,-1,18,2,0,0,0,14,3,1,42,4.8,,1061,19:39,0,0,,69,44,,,,,,
777,Pavel,Zacha,C,2022-23,25,BOS,NHL,82,21,36,57,26,16,18,3,0,3,30,5,1,131,16.0,,1317,16:03,134,162,45.3,21,67,,,,,,
778,Nikita,Zadorov,D,2022-23,27,CGY,NHL,82,14,7,21,10,80,14,0,0,2,6,1,0,130,10.8,,1532,18:41,0,0,,75,174,,,,,,
779,Yegor,Zamula,D,2022-23,22,PHI,NHL,14,0,4,4,0,2,0,0,0,0,4,0,0,8,0.0,,187,13:23,0,0,,13,9,,,,,,
780,Jakub,Zbořil,D,2022-23,25,BOS,NHL,22,1,3,4,-1,6,1,0,0,1,3,0,0,13,7.7,,292,13:17,0,0,,19,31,,,,,,
781,Trevor,Zegras,C,2022-23,21,ANA,NHL,81,23,42,65,-24,88,19,4,0,3,29,13,0,184,12.5,,1525,18:50,237,336,41.4,29,46,,,,,,
782,Fabian,Zetterlund,W,2022-23,23,TOT,NHL,67,6,17,23,-6,14,5,1,0,1,15,2,0,118,5.1,,888,13:15,7,10,41.2,20,53,,,,,,
783,Mika,Zibanejad,C,2022-23,29,NYR,NHL,82,39,52,91,25,20,18,20,1,5,32,19,1,251,15.5,,1637,19:58,692,706,49.5,48,71,,,,,,
784,Radim,Zohorna,F,2022-23,26,TOT,NHL,10,1,0,1,-1,0,1,0,0,0,0,0,0,9,11.1,,86,8:35,21,20,51.2,2,7,,,,,,
785,Mats,Zuccarello,LW,2022-23,35,MIN,NHL,78,22,45,67,-3,26,13,9,0,3,25,20,0,198,11.1,,1575,20:12,24,36,40.0,51,51,,,,,,
786,Jason,Zucker,LW,2022-23,31,PIT,NHL,78,27,21,48,-4,47,25,2,0,5,14,7,0,197,13.7,,1221,15:39,4,11,26.7,29,197,,,,,,
